Invoice_Number,BOL_Number,Carrier,Invoice_Date,Billed_Base_Rate_USD,Billed_Fuel_Surcharge_USD,Billed_Demurrage_USD,Billed_Total_Amount_USD
INV-2026-5001,BOL202600001,CMA CGM,2026-03-19,1855,185.5,0.0,2040.5
INV-2026-5002,BOL202600002,Evergreen,2026-06-17,649,97.35,100.0,846.35
INV-2026-5003,BOL202600003,ONE,2026-04-15,676,67.6,200.0,943.6
INV-2026-5004,BOL202600004,Evergreen,2026-05-24,2352,352.8,0.0,2704.8
INV-2026-5005,BOL202600005,COSCO,2026-01-11,660,79.2,0.0,739.2
INV-2026-5006,BOL202600006,COSCO,2026-03-15,2572,257.2,0.0,2829.2
INV-2026-5007,BOL202600007,Maersk,2026-06-04,2632,315.84,0.0,2947.84
INV-2026-5008,BOL202600008,Hapag-Lloyd,2026-01-12,563,67.56,0.0,630.56
INV-2026-5009,BOL202600009,CMA CGM,2026-06-09,1410,211.5,0.0,1621.5
INV-2026-5010,BOL202600010,Evergreen,2026-04-03,1044,104.4,100.0,1248.4
INV-2026-5011,BOL202600011,Hapag-Lloyd,2026-03-26,571,68.52,0.0,639.52
INV-2026-5012,BOL202600012,Evergreen,2026-06-07,708,84.96,0.0,792.96
INV-2026-5013,BOL202600013,Maersk,2026-02-02,684,68.4,0.0,752.4
INV-2026-5014,BOL202600014,COSCO,2026-06-03,1485,222.75,0.0,1707.75
INV-2026-5015,BOL202600015,Hapag-Lloyd,2026-03-14,2064,309.6,0.0,2373.6
INV-2026-5016,BOL202600016,Maersk,2026-04-28,756,113.4,0.0,869.4
INV-2026-5017,BOL202600017,Evergreen,2026-05-20,1486,252.62,400.0,2138.62
INV-2026-5018,BOL202600018,Maersk,2026-05-20,1333,159.96,300.0,1792.96
INV-2026-5019,BOL202600019,COSCO,2026-06-28,1223,183.45,0.0,1406.45
INV-2026-5020,BOL202600020,MSC,2026-04-08,824,82.4,0.0,906.4
INV-2026-5021,BOL202600021,Hapag-Lloyd,2026-01-24,1416,169.92,300.0,1885.92
INV-2026-5022,BOL202600022,Hapag-Lloyd,2026-04-02,1006,171.02,250.0,1427.02
INV-2026-5023,BOL202600023,Hapag-Lloyd,2026-03-29,563,67.56,300.0,930.56
INV-2026-5024,BOL202600024,CMA CGM,2026-02-08,3054,305.4,100.0,3459.4
INV-2026-5025,BOL202600025,Evergreen,2026-03-23,1044,104.4,0.0,1148.4
INV-2026-5026,BOL202600026,Maersk,2026-03-28,3019,301.9,300.0,3620.9
INV-2026-5027,BOL202600027,MSC,2026-04-20,2194,329.1,150.0,2673.1
INV-2026-5028,BOL202600028,Evergreen,2026-04-16,2614,261.4,350.0,3225.4
INV-2026-5029,BOL202600029,Maersk,2026-03-22,426,42.6,0.0,468.6
INV-2026-5030,BOL202600030,Maersk,2026-02-05,1881,282.15,0.0,2163.15
INV-2026-5031,BOL202600031,Hapag-Lloyd,2026-04-21,1744,209.28,300.0,2253.2799999999997
INV-2026-5032,BOL202600032,CMA CGM,2026-04-15,2794,335.28,50.0,3179.2799999999997
INV-2026-5033,BOL202600033,CMA CGM,2026-02-18,2020,303.0,150.0,2473.0
INV-2026-5034,BOL202600034,CMA CGM,2026-05-29,3187,382.44,0.0,3569.44
INV-2026-5035,BOL202600035,Hapag-Lloyd,2026-04-20,563,67.56,200.0,830.56
INV-2026-5036,BOL202600036,ONE,2026-01-05,2134,256.08,0.0,2390.08
INV-2026-5037,BOL202600037,MSC,2026-03-17,2997,359.64,0.0,3356.64
INV-2026-5038,BOL202600038,MSC,2026-04-24,1554,233.1,400.0,2187.1
INV-2026-5039,BOL202600039,Hapag-Lloyd,2026-05-31,1010,151.5,250.0,1411.5
INV-2026-5040,BOL202600040,Evergreen,2026-06-22,735,88.2,0.0,823.2
INV-2026-5041,BOL202600041,Hapag-Lloyd,2026-05-05,563,67.56,150.0,780.56
INV-2026-5042,BOL202600042,COSCO,2026-04-27,1931,193.1,50.0,2174.1
INV-2026-5043,BOL202600043,Evergreen,2026-03-02,2132,319.8,0.0,2451.8
INV-2026-5044,BOL202600044,Hapag-Lloyd,2026-05-05,1744,209.28,400.0,2353.2799999999997
INV-2026-5045,BOL202600045,COSCO,2026-02-18,3186,477.9,300.0,3963.9
INV-2026-5046,BOL202600046,Maersk,2026-01-27,1214,182.1,0.0,1396.1
INV-2026-5047,BOL202600047,Hapag-Lloyd,2026-05-16,1416,169.92,300.0,1885.92
INV-2026-5048,BOL202600048,CMA CGM,2026-06-14,2681,268.1,0.0,2949.1
INV-2026-5049,BOL202600049,CMA CGM,2026-04-02,1496,149.6,0.0,1645.6
INV-2026-5050,BOL202600050,ONE,2026-03-05,1179,176.85,200.0,1555.85
INV-2026-5051,BOL202600051,Hapag-Lloyd,2026-03-25,2086,417.2,0.0,2503.2
INV-2026-5052,BOL202600052,ONE,2026-02-24,1320,132.0,0.0,1452.0
INV-2026-5053,BOL202600053,ONE,2026-01-14,1342,201.3,0.0,1543.3
INV-2026-5054,BOL202600054,Evergreen,2026-03-08,2733,273.3,0.0,3006.3
INV-2026-5055,BOL202600055,COSCO,2026-06-08,2258,225.8,200.0,2683.8
INV-2026-5056,BOL202600056,Evergreen,2026-01-23,2132,319.8,0.0,2451.8
INV-2026-5057,BOL202600057,Evergreen,2026-04-22,1044,104.4,250.0,1398.4
INV-2026-5058,BOL202600058,MSC,2026-06-16,1804,270.6,0.0,2074.6
INV-2026-5059,BOL202600059,COSCO,2026-02-25,2390,239.0,100.0,2729.0
INV-2026-5060,BOL202600060,Evergreen,2026-07-04,2352,352.8,0.0,2704.8
INV-2026-5061,BOL202600061,COSCO,2026-05-12,1223,183.45,0.0,1406.45
INV-2026-5062,BOL202600062,Maersk,2026-03-10,1295,129.5,0.0,1424.5
INV-2026-5063,BOL202600063,ONE,2026-06-23,486,72.9,100.0,658.9
INV-2026-5064,BOL202600064,COSCO,2026-01-04,3025,363.0,500.0,3888.0
INV-2026-5065,BOL202600065,Maersk,2026-01-30,971,145.65,400.0,1516.65
INV-2026-5066,BOL202600066,CMA CGM,2026-04-23,1855,185.5,0.0,2040.5
INV-2026-5067,BOL202600067,Maersk,2026-02-19,3019,301.9,400.0,3720.9
INV-2026-5068,BOL202600068,COSCO,2026-07-01,1622,243.3,0.0,1865.3
INV-2026-5069,BOL202600069,Hapag-Lloyd,2026-05-04,3103,310.3,0.0,3413.3
INV-2026-5070,BOL202600070,Evergreen,2026-05-25,2352,470.4,0.0,2822.4
INV-2026-5071,BOL202600071,CMA CGM,2026-02-08,1496,149.6,150.0,1795.6
INV-2026-5072,BOL202600072,Maersk,2026-02-09,1295,129.5,150.0,1574.5
INV-2026-5073,BOL202600073,Hapag-Lloyd,2026-05-02,2285,274.2,200.0,2759.2
INV-2026-5074,BOL202600074,Maersk,2026-05-22,3171,475.65,0.0,3646.65
INV-2026-5075,BOL202600075,MSC,2026-06-08,1554,233.1,50.0,1837.1
INV-2026-5076,BOL202600076,ONE,2026-04-29,1540,231.0,150.0,1921.0
INV-2026-5077,BOL202600077,Evergreen,2026-05-17,2733,273.3,0.0,3006.3
INV-2026-5078,BOL202600078,MSC,2026-05-27,1554,233.1,150.0,1937.1
INV-2026-5079,BOL202600079,CMA CGM,2026-02-16,1894,189.4,250.0,2333.4
INV-2026-5080,BOL202600080,Hapag-Lloyd,2026-05-09,1744,209.28,150.0,2103.2799999999997
INV-2026-5081,BOL202600081,Hapag-Lloyd,2026-03-13,1472,147.2,150.0,1769.2
INV-2026-5082,BOL202600082,Evergreen,2026-03-09,2393,239.3,450.0,3082.3
INV-2026-5083,BOL202600083,Maersk,2026-06-15,1950,195.0,0.0,2145.0
INV-2026-5084,BOL202600084,COSCO,2026-05-20,1931,193.1,0.0,2124.1
INV-2026-5085,BOL202600085,Evergreen,2026-06-17,1486,178.32,0.0,1664.32
INV-2026-5086,BOL202600086,Evergreen,2026-03-19,908,84.96,0.0,992.96
INV-2026-5087,BOL202600087,CMA CGM,2026-01-24,1954,234.48,100.0,2288.48
INV-2026-5088,BOL202600088,CMA CGM,2026-03-21,3187,382.44,0.0,3569.44
INV-2026-5089,BOL202600089,ONE,2026-03-18,621,124.2,0.0,745.2
INV-2026-5090,BOL202600090,MSC,2026-03-28,872,87.2,250.0,1209.2
INV-2026-5091,BOL202600091,MSC,2026-05-26,3143,471.45,0.0,3614.45
INV-2026-5092,BOL202600092,ONE,2026-02-10,1277,191.55,0.0,1468.55
INV-2026-5093,BOL202600093,MSC,2026-03-08,1628,195.36,0.0,1823.3600000000001
INV-2026-5094,BOL202600094,MSC,2026-07-03,778,116.7,0.0,894.7
INV-2026-5095,BOL202600095,Hapag-Lloyd,2026-07-02,1744,209.28,0.0,1953.28
INV-2026-5096,BOL202600096,MSC,2026-01-22,778,116.7,0.0,894.7
INV-2026-5097,BOL202600097,MSC,2026-04-18,2944,441.6,50.0,3435.6
INV-2026-5098,BOL202600098,Evergreen,2026-05-22,2042,204.2,150.0,2396.2
INV-2026-5099,BOL202600099,Hapag-Lloyd,2026-04-23,571,68.52,0.0,639.52
INV-2026-5100,BOL202600100,Evergreen,2026-03-01,1368,136.8,350.0,1854.8
INV-2026-5101,BOL202600101,COSCO,2026-04-25,1602,192.24,100.0,1894.24
INV-2026-5102,BOL202600102,COSCO,2026-06-02,1602,192.24,350.0,2144.24
INV-2026-5103,BOL202600103,COSCO,2026-01-13,1223,183.45,350.0,1756.45
INV-2026-5104,BOL202600104,COSCO,2026-06-02,2479,247.9,0.0,2726.9
INV-2026-5105,BOL202600105,Hapag-Lloyd,2026-05-06,1134,170.1,0.0,1304.1
INV-2026-5106,BOL202600106,MSC,2026-04-07,2997,359.64,0.0,3356.64
INV-2026-5107,BOL202600107,ONE,2026-04-14,2738,410.7,350.0,3498.7
INV-2026-5108,BOL202600108,MSC,2026-04-25,2666,266.6,100.0,3032.6
INV-2026-5109,BOL202600109,Hapag-Lloyd,2026-05-27,1125,135.0,400.0,1660.0
INV-2026-5110,BOL202600110,CMA CGM,2026-06-09,1894,189.4,400.0,2483.4
INV-2026-5111,BOL202600111,COSCO,2026-03-01,1485,222.75,0.0,1707.75
INV-2026-5112,BOL202600112,COSCO,2026-03-02,2840,340.8,0.0,3180.8
INV-2026-5113,BOL202600113,Hapag-Lloyd,2026-04-26,842,101.04,150.0,1093.04
INV-2026-5114,BOL202600114,CMA CGM,2026-01-15,3000,300.0,0.0,3300.0
INV-2026-5115,BOL202600115,Maersk,2026-04-04,2632,315.84,300.0,3247.84
INV-2026-5116,BOL202600116,Evergreen,2026-06-28,634,63.4,150.0,847.4
INV-2026-5117,BOL202600117,ONE,2026-04-21,3046,304.6,350.0,3700.6
INV-2026-5118,BOL202600118,Hapag-Lloyd,2026-02-14,1134,170.1,350.0,1654.1
INV-2026-5119,BOL202600119,MSC,2026-05-06,936,140.4,250.0,1326.4
INV-2026-5120,BOL202600120,COSCO,2026-02-07,1478,221.7,250.0,1949.7
INV-2026-5121,BOL202600121,Hapag-Lloyd,2026-05-20,1472,147.2,0.0,1619.2
INV-2026-5122,BOL202600122,Evergreen,2026-04-15,2772,415.8,0.0,3187.8
INV-2026-5123,BOL202600123,ONE,2026-05-27,1540,184.8,300.0,2024.8
INV-2026-5124,BOL202600124,MSC,2026-01-12,1695,203.4,0.0,1898.4
INV-2026-5125,BOL202600125,CMA CGM,2026-06-21,3000,300.0,0.0,3300.0
INV-2026-5126,BOL202600126,ONE,2026-02-07,1179,117.9,450.0,1746.9
INV-2026-5127,BOL202600127,ONE,2026-05-03,1540,231.0,0.0,1771.0
INV-2026-5128,BOL202600128,Hapag-Lloyd,2026-01-20,563,67.56,0.0,630.56
INV-2026-5129,BOL202600129,Evergreen,2026-04-10,2790,418.5,0.0,3208.5
INV-2026-5130,BOL202600130,Maersk,2026-03-02,1600,240.0,0.0,1840.0
INV-2026-5131,BOL202600131,ONE,2026-03-27,1342,201.3,50.0,1593.3
INV-2026-5132,BOL202600132,Maersk,2026-04-14,1950,195.0,0.0,2145.0
INV-2026-5133,BOL202600133,COSCO,2026-04-21,3186,637.2,0.0,3823.2
INV-2026-5134,BOL202600134,Maersk,2026-01-26,3019,301.9,150.0,3470.9
INV-2026-5135,BOL202600135,COSCO,2026-01-10,915,91.5,100.0,1106.5
INV-2026-5136,BOL202600136,ONE,2026-05-22,1442,201.3,0.0,1643.3
INV-2026-5137,BOL202600137,Hapag-Lloyd,2026-04-05,1010,151.5,0.0,1161.5
INV-2026-5138,BOL202600138,COSCO,2026-06-21,915,91.5,0.0,1006.5
INV-2026-5139,BOL202600139,Evergreen,2026-06-19,728,72.8,0.0,800.8
INV-2026-5140,BOL202600140,CMA CGM,2026-01-12,3187,382.44,0.0,3569.44
INV-2026-5141,BOL202600141,ONE,2026-02-28,1179,176.85,450.0,1805.85
INV-2026-5142,BOL202600142,Evergreen,2026-01-08,735,88.2,0.0,823.2
INV-2026-5143,BOL202600143,MSC,2026-02-12,1804,180.4,0.0,1984.4
INV-2026-5144,BOL202600144,COSCO,2026-02-09,2133,213.3,0.0,2346.3
INV-2026-5145,BOL202600145,MSC,2026-06-23,697,69.7,0.0,766.7
INV-2026-5146,BOL202600146,COSCO,2026-05-28,2390,239.0,0.0,2629.0
INV-2026-5147,BOL202600147,MSC,2026-05-03,1628,195.36,250.0,2073.36
INV-2026-5148,BOL202600148,MSC,2026-03-09,1804,180.4,150.0,2134.4
INV-2026-5149,BOL202600149,COSCO,2026-04-10,1931,193.1,0.0,2124.1
INV-2026-5150,BOL202600150,CMA CGM,2026-06-08,2020,303.0,150.0,2473.0
INV-2026-5151,BOL202600151,Maersk,2026-02-03,818,81.8,300.0,1199.8
INV-2026-5152,BOL202600152,CMA CGM,2026-02-13,2035,244.2,0.0,2279.2
INV-2026-5153,BOL202600153,COSCO,2026-02-03,2572,257.2,0.0,2829.2
INV-2026-5154,BOL202600154,Evergreen,2026-01-11,1615,161.5,500.0,2276.5
INV-2026-5155,BOL202600155,Evergreen,2026-03-28,634,63.4,0.0,697.4
INV-2026-5156,BOL202600156,Hapag-Lloyd,2026-06-28,842,101.04,500.0,1443.04
INV-2026-5157,BOL202600157,Hapag-Lloyd,2026-04-10,2151,322.65,100.0,2573.65
INV-2026-5158,BOL202600158,Hapag-Lloyd,2026-02-25,1332,133.2,0.0,1465.2
INV-2026-5159,BOL202600159,MSC,2026-06-03,1829,182.9,350.0,2361.9
INV-2026-5160,BOL202600160,MSC,2026-06-17,1804,180.4,0.0,1984.4
INV-2026-5161,BOL202600161,ONE,2026-01-31,1540,231.0,250.0,2021.0
INV-2026-5162,BOL202600162,COSCO,2026-03-21,1223,183.45,350.0,1756.45
INV-2026-5163,BOL202600163,COSCO,2026-06-29,915,91.5,0.0,1006.5
INV-2026-5164,BOL202600164,Hapag-Lloyd,2026-02-03,1416,169.92,400.0,1985.92
INV-2026-5165,BOL202600165,MSC,2026-06-01,1533,153.3,400.0,2086.3
INV-2026-5166,BOL202600166,COSCO,2026-01-16,2723,272.3,50.0,3045.3
INV-2026-5167,BOL202600167,MSC,2026-05-19,1695,203.4,100.0,1998.4
INV-2026-5168,BOL202600168,Maersk,2026-06-21,971,145.65,50.0,1166.65
INV-2026-5169,BOL202600169,ONE,2026-01-21,2049,307.35,100.0,2456.35
INV-2026-5170,BOL202600170,MSC,2026-06-18,978,116.7,0.0,1094.7
INV-2026-5171,BOL202600171,CMA CGM,2026-01-07,1270,190.5,350.0,1810.5
INV-2026-5172,BOL202600172,MSC,2026-04-22,872,87.2,200.0,1159.2
INV-2026-5173,BOL202600173,Maersk,2026-05-10,756,113.4,0.0,869.4
INV-2026-5174,BOL202600174,CMA CGM,2026-04-27,1646,149.6,50.0,1845.6
INV-2026-5175,BOL202600175,ONE,2026-06-19,486,72.9,250.0,808.9
INV-2026-5176,BOL202600176,ONE,2026-05-05,2034,305.1,100.0,2439.1
INV-2026-5177,BOL202600177,Evergreen,2026-02-13,2042,204.2,100.0,2346.2
INV-2026-5178,BOL202600178,MSC,2026-02-22,1377,165.24,250.0,1792.24
INV-2026-5179,BOL202600179,COSCO,2026-05-21,660,79.2,200.0,939.2
INV-2026-5180,BOL202600180,Hapag-Lloyd,2026-03-18,2209,331.35,0.0,2540.35
INV-2026-5181,BOL202600181,Maersk,2026-05-22,1353,135.3,300.0,1788.3
INV-2026-5182,BOL202600182,COSCO,2026-05-07,3192,478.8,50.0,3720.8
INV-2026-5183,BOL202600183,MSC,2026-04-25,700,105.0,450.0,1255.0
INV-2026-5184,BOL202600184,MSC,2026-06-06,1829,182.9,0.0,2011.9
INV-2026-5185,BOL202600185,Maersk,2026-03-30,971,145.65,450.0,1566.65
INV-2026-5186,BOL202600186,Maersk,2026-03-11,426,42.6,200.0,668.6
INV-2026-5187,BOL202600187,Evergreen,2026-01-28,2393,239.3,0.0,2632.3
INV-2026-5188,BOL202600188,Hapag-Lloyd,2026-05-03,1912,286.8,0.0,2198.8
INV-2026-5189,BOL202600189,CMA CGM,2026-05-02,1538,184.56,0.0,1722.56
INV-2026-5190,BOL202600190,Maersk,2026-06-12,1526,152.6,300.0,1978.6
INV-2026-5191,BOL202600191,COSCO,2026-04-10,1727,207.24,50.0,1984.24
INV-2026-5192,BOL202600192,CMA CGM,2026-01-14,2607,312.84,0.0,2919.84
INV-2026-5193,BOL202600193,Maersk,2026-03-27,971,145.65,0.0,1116.65
INV-2026-5194,BOL202600194,COSCO,2026-05-07,1602,192.24,150.0,1944.24
INV-2026-5195,BOL202600195,MSC,2026-04-07,2997,359.64,150.0,3506.64
INV-2026-5196,BOL202600196,CMA CGM,2026-03-11,531,63.72,0.0,594.72
INV-2026-5197,BOL202600197,CMA CGM,2026-03-16,2794,335.28,250.0,3379.2799999999997
INV-2026-5198,BOL202600198,MSC,2026-06-08,1628,195.36,250.0,2073.36
INV-2026-5199,BOL202600199,MSC,2026-03-19,1533,153.3,200.0,1886.3
INV-2026-5200,BOL202600200,ONE,2026-01-09,1540,184.8,200.0,1924.8
INV-2026-5201,BOL202600201,MSC,2026-02-24,2944,441.6,0.0,3385.6
INV-2026-5202,BOL202600202,MSC,2026-03-05,2401,288.12,350.0,3039.12
INV-2026-5203,BOL202600203,Hapag-Lloyd,2026-04-21,2327,232.7,150.0,2709.7
INV-2026-5204,BOL202600204,COSCO,2026-05-29,2479,371.85,150.0,3000.85
INV-2026-5205,BOL202600205,Maersk,2026-03-08,2131,255.72,250.0,2636.72
INV-2026-5206,BOL202600206,CMA CGM,2026-05-06,1728,172.8,300.0,2200.8
INV-2026-5207,BOL202600207,ONE,2026-05-11,2034,305.1,0.0,2339.1
INV-2026-5208,BOL202600208,MSC,2026-01-07,1913,229.56,0.0,2142.56
INV-2026-5209,BOL202600209,Maersk,2026-03-23,756,113.4,150.0,1019.4
INV-2026-5210,BOL202600210,Evergreen,2026-04-19,2614,261.4,350.0,3225.4
INV-2026-5211,BOL202600211,Maersk,2026-03-06,3171,475.65,0.0,3646.65
INV-2026-5212,BOL202600212,Maersk,2026-06-21,796,95.52,150.0,1041.52
INV-2026-5213,BOL202600213,Maersk,2026-04-07,530,53.0,150.0,733.0
INV-2026-5214,BOL202600214,ONE,2026-05-27,1540,308.0,100.0,1948.0
INV-2026-5215,BOL202600215,Evergreen,2026-04-04,649,97.35,0.0,746.35
INV-2026-5216,BOL202600216,MSC,2026-05-24,778,116.7,0.0,894.7
INV-2026-5217,BOL202600217,COSCO,2026-04-08,1602,192.24,350.0,2144.24
INV-2026-5218,BOL202600218,MSC,2026-05-02,2997,359.64,0.0,3356.64
INV-2026-5219,BOL202600219,ONE,2026-03-25,1540,184.8,0.0,1724.8
INV-2026-5220,BOL202600220,Hapag-Lloyd,2026-03-06,563,67.56,0.0,630.56
INV-2026-5221,BOL202600221,MSC,2026-02-26,936,140.4,0.0,1076.4
INV-2026-5222,BOL202600222,Hapag-Lloyd,2026-02-06,858,85.8,100.0,1043.8
INV-2026-5223,BOL202600223,Evergreen,2026-05-22,1952,195.2,300.0,2447.2
INV-2026-5224,BOL202600224,Hapag-Lloyd,2026-07-02,858,85.8,0.0,943.8
INV-2026-5225,BOL202600225,Hapag-Lloyd,2026-02-22,563,67.56,0.0,630.56
INV-2026-5226,BOL202600226,Hapag-Lloyd,2026-05-07,3193,319.3,0.0,3512.3
INV-2026-5227,BOL202600227,ONE,2026-06-02,486,72.9,150.0,708.9
INV-2026-5228,BOL202600228,CMA CGM,2026-05-20,772,77.2,250.0,1099.2
INV-2026-5229,BOL202600229,Evergreen,2026-03-20,801,80.1,0.0,881.1
INV-2026-5230,BOL202600230,Maersk,2026-02-24,1526,152.6,0.0,1678.6
INV-2026-5231,BOL202600231,Hapag-Lloyd,2026-03-03,1912,286.8,0.0,2198.8
INV-2026-5232,BOL202600232,MSC,2026-02-18,1829,182.9,0.0,2011.9
INV-2026-5233,BOL202600233,CMA CGM,2026-01-11,2794,335.28,100.0,3229.2799999999997
INV-2026-5234,BOL202600234,ONE,2026-05-19,974,116.88,0.0,1090.88
INV-2026-5235,BOL202600235,COSCO,2026-03-17,1478,221.7,0.0,1699.7
INV-2026-5236,BOL202600236,Evergreen,2026-01-16,801,80.1,0.0,881.1
INV-2026-5237,BOL202600237,CMA CGM,2026-03-18,3054,305.4,100.0,3459.4
INV-2026-5238,BOL202600238,Maersk,2026-02-04,1353,135.3,200.0,1688.3
INV-2026-5239,BOL202600239,MSC,2026-05-13,2194,329.1,0.0,2523.1
INV-2026-5240,BOL202600240,CMA CGM,2026-01-06,966,144.9,150.0,1260.9
INV-2026-5241,BOL202600241,MSC,2026-03-16,3143,471.45,50.0,3664.45
INV-2026-5242,BOL202600242,MSC,2026-05-06,1628,195.36,50.0,1873.3600000000001
INV-2026-5243,BOL202600243,CMA CGM,2026-03-31,1538,184.56,0.0,1722.56
INV-2026-5244,BOL202600244,MSC,2026-01-18,2472,296.64,0.0,2768.64
INV-2026-5245,BOL202600245,Hapag-Lloyd,2026-05-10,1912,286.8,0.0,2198.8
INV-2026-5246,BOL202600246,Evergreen,2026-01-23,728,72.8,100.0,900.8
INV-2026-5247,BOL202600247,Maersk,2026-05-13,818,81.8,0.0,899.8
INV-2026-5248,BOL202600248,CMA CGM,2026-05-31,2681,268.1,50.0,2999.1
INV-2026-5249,BOL202600249,MSC,2026-06-28,2944,441.6,0.0,3385.6
INV-2026-5250,BOL202600250,CMA CGM,2026-02-14,1728,172.8,0.0,1900.8
INV-2026-5251,BOL202600251,Evergreen,2026-05-29,728,72.8,0.0,800.8
INV-2026-5252,BOL202600252,Maersk,2026-01-28,2131,255.72,0.0,2386.72
INV-2026-5253,BOL202600253,CMA CGM,2026-02-07,772,77.2,200.0,1049.2
INV-2026-5254,BOL202600254,Evergreen,2026-04-24,2790,418.5,0.0,3208.5
INV-2026-5255,BOL202600255,COSCO,2026-06-08,1727,207.24,400.0,2334.24
INV-2026-5256,BOL202600256,CMA CGM,2026-06-12,531,63.72,0.0,594.72
INV-2026-5257,BOL202600257,Hapag-Lloyd,2026-05-21,3193,319.3,0.0,3512.3
INV-2026-5258,BOL202600258,Maersk,2026-05-02,1600,240.0,250.0,2090.0
INV-2026-5259,BOL202600259,COSCO,2026-04-29,3186,477.9,0.0,3663.9
INV-2026-5260,BOL202600260,ONE,2026-06-04,2049,307.35,0.0,2356.35
INV-2026-5261,BOL202600261,Maersk,2026-03-26,1526,152.6,250.0,1928.6
INV-2026-5262,BOL202600262,CMA CGM,2026-06-11,1728,172.8,0.0,1900.8
INV-2026-5263,BOL202600263,Evergreen,2026-06-13,634,63.4,100.0,797.4
INV-2026-5264,BOL202600264,MSC,2026-01-31,1628,195.36,300.0,2123.36
INV-2026-5265,BOL202600265,CMA CGM,2026-03-01,1493,223.95,50.0,1766.95
INV-2026-5266,BOL202600266,CMA CGM,2026-03-01,1402,140.2,0.0,1542.2
INV-2026-5267,BOL202600267,ONE,2026-06-22,2134,256.08,0.0,2390.08
INV-2026-5268,BOL202600268,COSCO,2026-02-14,2258,225.8,0.0,2483.8
INV-2026-5269,BOL202600269,Evergreen,2026-02-21,1044,104.4,150.0,1298.4
INV-2026-5270,BOL202600270,COSCO,2026-01-25,2258,225.8,0.0,2483.8
INV-2026-5271,BOL202600271,COSCO,2026-01-03,3025,363.0,100.0,3488.0
INV-2026-5272,BOL202600272,MSC,2026-04-29,3143,628.6,250.0,4021.6
INV-2026-5273,BOL202600273,ONE,2026-06-07,2984,298.4,150.0,3432.4
INV-2026-5274,BOL202600274,COSCO,2026-03-22,2390,358.5,0.0,2748.5
INV-2026-5275,BOL202600275,COSCO,2026-03-03,660,79.2,0.0,739.2
INV-2026-5276,BOL202600276,MSC,2026-07-06,1804,180.4,0.0,1984.4
INV-2026-5277,BOL202600277,Evergreen,2026-07-05,2132,319.8,200.0,2651.8
INV-2026-5278,BOL202600278,Maersk,2026-04-30,756,113.4,0.0,869.4
INV-2026-5279,BOL202600279,COSCO,2026-06-29,915,91.5,0.0,1006.5
INV-2026-5280,BOL202600280,Maersk,2026-03-11,3171,475.65,150.0,3796.65
INV-2026-5281,BOL202600281,Hapag-Lloyd,2026-06-13,2086,312.9,0.0,2398.9
INV-2026-5282,BOL202600282,ONE,2026-06-21,486,72.9,150.0,708.9
INV-2026-5283,BOL202600283,MSC,2026-02-25,1377,165.24,0.0,1542.24
INV-2026-5284,BOL202600284,Maersk,2026-02-06,756,113.4,100.0,969.4
INV-2026-5285,BOL202600285,Hapag-Lloyd,2026-03-02,1125,135.0,300.0,1560.0
INV-2026-5286,BOL202600286,MSC,2026-02-11,2472,296.64,500.0,3268.64
INV-2026-5287,BOL202600287,ONE,2026-03-14,974,116.88,450.0,1540.88
INV-2026-5288,BOL202600288,CMA CGM,2026-02-12,531,63.72,0.0,594.72
INV-2026-5289,BOL202600289,Hapag-Lloyd,2026-01-20,1416,169.92,0.0,1585.92
INV-2026-5290,BOL202600290,COSCO,2026-03-26,1931,193.1,0.0,2124.1
INV-2026-5291,BOL202600291,ONE,2026-05-31,2249,224.9,500.0,2973.9
INV-2026-5292,BOL202600292,Hapag-Lloyd,2026-03-22,842,101.04,150.0,1093.04
INV-2026-5293,BOL202600293,Maersk,2026-02-05,1600,240.0,0.0,1840.0
INV-2026-5294,BOL202600294,Hapag-Lloyd,2026-06-30,2064,309.6,0.0,2373.6
INV-2026-5295,BOL202600295,Evergreen,2026-07-01,1615,161.5,100.0,1876.5
INV-2026-5296,BOL202600296,Evergreen,2026-03-14,2389,286.68,200.0,2875.68
INV-2026-5297,BOL202600297,CMA CGM,2026-05-21,1493,223.95,0.0,1716.95
INV-2026-5298,BOL202600298,Maersk,2026-04-29,796,95.52,0.0,891.52
INV-2026-5299,BOL202600299,ONE,2026-06-08,1540,231.0,0.0,1771.0
INV-2026-5300,BOL202600300,Evergreen,2026-04-24,649,97.35,250.0,996.35
INV-2026-5301,BOL202600301,COSCO,2026-03-29,2133,213.3,0.0,2346.3
INV-2026-5302,BOL202600302,CMA CGM,2026-03-09,1410,211.5,0.0,1621.5
INV-2026-5303,BOL202600303,MSC,2026-01-31,1913,229.56,0.0,2142.56
INV-2026-5304,BOL202600304,MSC,2026-06-26,872,87.2,200.0,1159.2
INV-2026-5305,BOL202600305,Maersk,2026-06-02,2239,335.85,150.0,2724.85
INV-2026-5306,BOL202600306,MSC,2026-01-13,1695,203.4,400.0,2298.4
INV-2026-5307,BOL202600307,ONE,2026-06-27,2049,307.35,350.0,2706.35
INV-2026-5308,BOL202600308,ONE,2026-03-14,2738,410.7,150.0,3298.7
INV-2026-5309,BOL202600309,COSCO,2026-01-18,660,79.2,300.0,1039.2
INV-2026-5310,BOL202600310,CMA CGM,2026-02-17,772,77.2,150.0,999.2
INV-2026-5311,BOL202600311,ONE,2026-05-19,1929,231.48,50.0,2210.48
INV-2026-5312,BOL202600312,CMA CGM,2026-04-26,772,77.2,500.0,1349.2
INV-2026-5313,BOL202600313,CMA CGM,2026-03-15,772,77.2,0.0,849.2
INV-2026-5314,BOL202600314,Hapag-Lloyd,2026-06-06,842,143.14,100.0,1085.1399999999999
INV-2026-5315,BOL202600315,ONE,2026-06-14,1277,191.55,450.0,1918.55
INV-2026-5316,BOL202600316,ONE,2026-05-13,2249,224.9,0.0,2473.9
INV-2026-5317,BOL202600317,Maersk,2026-05-08,1881,282.15,50.0,2213.15
INV-2026-5318,BOL202600318,CMA CGM,2026-04-18,1402,140.2,0.0,1542.2
INV-2026-5319,BOL202600319,Evergreen,2026-03-28,2393,239.3,300.0,2932.3
INV-2026-5320,BOL202600320,Maersk,2026-02-03,684,68.4,200.0,952.4
INV-2026-5321,BOL202600321,Maersk,2026-02-17,530,53.0,50.0,633.0
INV-2026-5322,BOL202600322,MSC,2026-04-23,1533,153.3,350.0,2036.3
INV-2026-5323,BOL202600323,Maersk,2026-05-09,3171,475.65,0.0,3646.65
INV-2026-5324,BOL202600324,Evergreen,2026-06-24,2883,273.3,0.0,3156.3
INV-2026-5325,BOL202600325,Hapag-Lloyd,2026-05-27,1010,151.5,0.0,1161.5
INV-2026-5326,BOL202600326,Evergreen,2026-04-29,1952,195.2,0.0,2147.2
INV-2026-5327,BOL202600327,Hapag-Lloyd,2026-03-29,1010,151.5,0.0,1161.5
INV-2026-5328,BOL202600328,MSC,2026-03-27,778,116.7,0.0,894.7
INV-2026-5329,BOL202600329,Hapag-Lloyd,2026-04-16,1134,170.1,350.0,1654.1
INV-2026-5330,BOL202600330,Evergreen,2026-05-15,2676,401.4,200.0,3277.4
INV-2026-5331,BOL202600331,Maersk,2026-01-07,756,113.4,200.0,1069.4
INV-2026-5332,BOL202600332,Hapag-Lloyd,2026-05-23,858,85.8,0.0,943.8
INV-2026-5333,BOL202600333,Evergreen,2026-04-21,634,63.4,150.0,847.4
INV-2026-5334,BOL202600334,CMA CGM,2026-02-23,3054,305.4,0.0,3359.4
INV-2026-5335,BOL202600335,CMA CGM,2026-04-06,1894,189.4,150.0,2233.4
INV-2026-5336,BOL202600336,Hapag-Lloyd,2026-05-11,1010,151.5,300.0,1461.5
INV-2026-5337,BOL202600337,ONE,2026-04-26,690,103.5,400.0,1193.5
INV-2026-5338,BOL202600338,Hapag-Lloyd,2026-01-21,858,85.8,0.0,943.8
INV-2026-5339,BOL202600339,COSCO,2026-03-12,1485,222.75,0.0,1707.75
INV-2026-5340,BOL202600340,CMA CGM,2026-02-08,1496,149.6,500.0,2145.6
INV-2026-5341,BOL202600341,Maersk,2026-03-17,1036,103.6,50.0,1189.6
INV-2026-5342,BOL202600342,Hapag-Lloyd,2026-07-05,2064,309.6,0.0,2373.6
INV-2026-5343,BOL202600343,Hapag-Lloyd,2026-02-06,3193,319.3,0.0,3512.3
INV-2026-5344,BOL202600344,MSC,2026-06-18,2566,256.6,0.0,2822.6
INV-2026-5345,BOL202600345,ONE,2026-03-09,1540,231.0,250.0,2021.0
INV-2026-5346,BOL202600346,MSC,2026-02-12,1628,195.36,0.0,1823.3600000000001
INV-2026-5347,BOL202600347,ONE,2026-05-24,429,42.9,0.0,471.9
INV-2026-5348,BOL202600348,Hapag-Lloyd,2026-05-29,3193,319.3,0.0,3512.3
INV-2026-5349,BOL202600349,Hapag-Lloyd,2026-01-29,2151,322.65,0.0,2473.65
INV-2026-5350,BOL202600350,COSCO,2026-02-01,3025,363.0,150.0,3538.0
INV-2026-5351,BOL202600351,COSCO,2026-02-04,915,91.5,50.0,1056.5
INV-2026-5352,BOL202600352,CMA CGM,2026-02-15,531,63.72,50.0,644.72
INV-2026-5353,BOL202600353,Hapag-Lloyd,2026-03-19,1472,147.2,0.0,1619.2
INV-2026-5354,BOL202600354,ONE,2026-07-04,1279,176.85,0.0,1455.85
INV-2026-5355,BOL202600355,COSCO,2026-04-23,1622,243.3,200.0,2065.3
INV-2026-5356,BOL202600356,CMA CGM,2026-05-11,1026,153.9,150.0,1329.9
INV-2026-5357,BOL202600357,Maersk,2026-03-06,1214,182.1,0.0,1396.1
INV-2026-5358,BOL202600358,Maersk,2026-05-28,1353,135.3,0.0,1488.3
INV-2026-5359,BOL202600359,Maersk,2026-04-14,1950,195.0,0.0,2145.0
INV-2026-5360,BOL202600360,COSCO,2026-06-09,3025,363.0,200.0,3588.0
INV-2026-5361,BOL202600361,Hapag-Lloyd,2026-02-11,2327,232.7,450.0,3009.7
INV-2026-5362,BOL202600362,Maersk,2026-01-25,1295,129.5,0.0,1424.5
INV-2026-5363,BOL202600363,Evergreen,2026-04-23,2790,418.5,0.0,3208.5
INV-2026-5364,BOL202600364,Maersk,2026-05-14,2632,447.44,0.0,3079.44
INV-2026-5365,BOL202600365,CMA CGM,2026-01-06,1728,172.8,0.0,1900.8
INV-2026-5366,BOL202600366,Hapag-Lloyd,2026-03-20,1125,135.0,450.0,1710.0
INV-2026-5367,BOL202600367,COSCO,2026-06-06,1380,138.0,250.0,1768.0
INV-2026-5368,BOL202600368,Hapag-Lloyd,2026-06-23,858,85.8,0.0,943.8
INV-2026-5369,BOL202600369,MSC,2026-02-12,1778,195.36,50.0,2023.3600000000001
INV-2026-5370,BOL202600370,CMA CGM,2026-05-23,2794,335.28,0.0,3129.2799999999997
INV-2026-5371,BOL202600371,Hapag-Lloyd,2026-04-03,1010,151.5,50.0,1211.5
INV-2026-5372,BOL202600372,Evergreen,2026-05-27,2676,401.4,150.0,3227.4
INV-2026-5373,BOL202600373,Evergreen,2026-05-27,2733,273.3,0.0,3006.3
INV-2026-5374,BOL202600374,Hapag-Lloyd,2026-05-02,3193,319.3,250.0,3762.3
INV-2026-5375,BOL202600375,ONE,2026-03-30,1179,176.85,350.0,1705.85
INV-2026-5376,BOL202600376,Evergreen,2026-02-21,634,63.4,100.0,797.4
INV-2026-5377,BOL202600377,Hapag-Lloyd,2026-03-05,1472,147.2,0.0,1619.2
INV-2026-5378,BOL202600378,MSC,2026-04-14,824,82.4,0.0,906.4
INV-2026-5379,BOL202600379,Hapag-Lloyd,2026-04-23,2086,312.9,0.0,2398.9
INV-2026-5380,BOL202600380,MSC,2026-03-28,1695,203.4,350.0,2248.4
INV-2026-5381,BOL202600381,MSC,2026-05-04,1554,233.1,350.0,2137.1
INV-2026-5382,BOL202600382,COSCO,2026-04-12,1602,192.24,100.0,1894.24
INV-2026-5383,BOL202600383,MSC,2026-06-23,2401,288.12,400.0,3089.12
INV-2026-5384,BOL202600384,Maersk,2026-06-18,2865,286.5,0.0,3151.5
INV-2026-5385,BOL202600385,Hapag-Lloyd,2026-05-12,1472,147.2,0.0,1619.2
INV-2026-5386,BOL202600386,ONE,2026-02-08,621,93.15,0.0,714.15
INV-2026-5387,BOL202600387,Maersk,2026-06-03,1295,129.5,0.0,1424.5
INV-2026-5388,BOL202600388,COSCO,2026-02-01,2572,257.2,200.0,3029.2
INV-2026-5389,BOL202600389,CMA CGM,2026-04-29,2794,335.28,0.0,3129.2799999999997
INV-2026-5390,BOL202600390,Hapag-Lloyd,2026-05-20,1206,120.72,500.0,1826.72
INV-2026-5391,BOL202600391,COSCO,2026-05-02,858,102.96,0.0,960.96
INV-2026-5392,BOL202600392,COSCO,2026-02-13,3186,477.9,100.0,3763.9
INV-2026-5393,BOL202600393,ONE,2026-06-20,1179,117.9,0.0,1296.9
INV-2026-5394,BOL202600394,COSCO,2026-01-23,1380,138.0,150.0,1668.0
INV-2026-5395,BOL202600395,COSCO,2026-03-12,1931,193.1,0.0,2124.1
INV-2026-5396,BOL202600396,Evergreen,2026-06-13,1486,178.32,250.0,1914.32
INV-2026-5397,BOL202600397,CMA CGM,2026-04-15,2035,244.2,300.0,2579.2
INV-2026-5398,BOL202600398,ONE,2026-01-26,690,103.5,450.0,1243.5
INV-2026-5399,BOL202600399,ONE,2026-03-30,3099,371.88,350.0,3820.88
INV-2026-5400,BOL202600400,Maersk,2026-06-24,684,68.4,200.0,952.4
INV-2026-5401,BOL202600401,MSC,2026-05-20,2401,288.12,100.0,2789.12
INV-2026-5402,BOL202600402,MSC,2026-03-28,2944,441.6,300.0,3685.6
INV-2026-5403,BOL202600403,MSC,2026-05-08,1533,153.3,450.0,2136.3
INV-2026-5404,BOL202600404,Hapag-Lloyd,2026-05-22,1006,120.72,0.0,1126.72
INV-2026-5405,BOL202600405,Evergreen,2026-06-13,2790,418.5,0.0,3208.5
INV-2026-5406,BOL202600406,CMA CGM,2026-03-08,1270,190.5,200.0,1660.5
INV-2026-5407,BOL202600407,COSCO,2026-06-29,915,91.5,250.0,1256.5
INV-2026-5408,BOL202600408,ONE,2026-03-20,3099,371.88,0.0,3470.88
INV-2026-5409,BOL202600409,COSCO,2026-01-31,858,102.96,0.0,960.96
INV-2026-5410,BOL202600410,COSCO,2026-01-29,2133,213.3,150.0,2496.3
INV-2026-5411,BOL202600411,Evergreen,2026-06-18,2614,261.4,350.0,3225.4
INV-2026-5412,BOL202600412,COSCO,2026-01-29,2723,272.3,150.0,3145.3
INV-2026-5413,BOL202600413,COSCO,2026-02-15,2390,239.0,100.0,2729.0
INV-2026-5414,BOL202600414,COSCO,2026-03-22,660,79.2,400.0,1139.2
INV-2026-5415,BOL202600415,Maersk,2026-01-15,2131,255.72,0.0,2386.72
INV-2026-5416,BOL202600416,Evergreen,2026-03-31,728,72.8,400.0,1200.8
INV-2026-5417,BOL202600417,MSC,2026-01-19,2997,359.64,0.0,3356.64
INV-2026-5418,BOL202600418,COSCO,2026-04-07,915,91.5,0.0,1006.5
INV-2026-5419,BOL202600419,ONE,2026-04-27,690,103.5,0.0,793.5
INV-2026-5420,BOL202600420,Maersk,2026-03-10,2872,344.64,200.0,3416.64
INV-2026-5421,BOL202600421,Hapag-Lloyd,2026-04-22,3393,319.3,0.0,3712.3
INV-2026-5422,BOL202600422,MSC,2026-07-01,697,69.7,300.0,1066.7
INV-2026-5423,BOL202600423,Maersk,2026-02-20,530,53.0,0.0,583.0
INV-2026-5424,BOL202600424,CMA CGM,2026-02-16,3000,300.0,0.0,3300.0
INV-2026-5425,BOL202600425,Maersk,2026-06-11,1295,129.5,200.0,1624.5
INV-2026-5426,BOL202600426,ONE,2026-04-11,2034,305.1,0.0,2339.1
INV-2026-5427,BOL202600427,CMA CGM,2026-06-27,1496,149.6,0.0,1645.6
INV-2026-5428,BOL202600428,COSCO,2026-05-11,2346,351.9,500.0,3197.9
INV-2026-5429,BOL202600429,MSC,2026-06-04,2194,329.1,150.0,2673.1
INV-2026-5430,BOL202600430,COSCO,2026-03-07,3186,477.9,150.0,3813.9
INV-2026-5431,BOL202600431,COSCO,2026-06-18,2723,272.3,0.0,2995.3
INV-2026-5432,BOL202600432,MSC,2026-05-05,872,87.2,0.0,959.2
INV-2026-5433,BOL202600433,MSC,2026-06-22,700,105.0,0.0,805.0
INV-2026-5434,BOL202600434,Hapag-Lloyd,2026-05-04,1744,209.28,500.0,2453.2799999999997
INV-2026-5435,BOL202600435,Hapag-Lloyd,2026-03-21,2327,232.7,300.0,2859.7
INV-2026-5436,BOL202600436,ONE,2026-05-22,1179,176.85,0.0,1355.85
INV-2026-5437,BOL202600437,MSC,2026-01-22,1829,182.9,150.0,2161.9
INV-2026-5438,BOL202600438,Evergreen,2026-04-03,2132,319.8,0.0,2451.8
INV-2026-5439,BOL202600439,Evergreen,2026-03-24,2733,409.95,50.0,3192.95
INV-2026-5440,BOL202600440,ONE,2026-04-26,1320,132.0,250.0,1702.0
INV-2026-5441,BOL202600441,Maersk,2026-03-11,2281,342.15,150.0,2773.15
INV-2026-5442,BOL202600442,ONE,2026-03-23,2134,256.08,0.0,2390.08
INV-2026-5443,BOL202600443,CMA CGM,2026-04-14,531,63.72,350.0,944.72
INV-2026-5444,BOL202600444,ONE,2026-05-06,1179,117.9,0.0,1296.9
INV-2026-5445,BOL202600445,Maersk,2026-03-08,1295,129.5,0.0,1424.5
INV-2026-5446,BOL202600446,Hapag-Lloyd,2026-06-02,3103,310.3,0.0,3413.3
INV-2026-5447,BOL202600447,COSCO,2026-06-03,1485,222.75,0.0,1707.75
INV-2026-5448,BOL202600448,COSCO,2026-07-03,1727,207.24,0.0,1934.24
INV-2026-5449,BOL202600449,Hapag-Lloyd,2026-01-13,842,101.04,450.0,1393.04
INV-2026-5450,BOL202600450,COSCO,2026-06-24,660,79.2,0.0,739.2
INV-2026-5451,BOL202600451,COSCO,2026-03-14,3186,477.9,0.0,3663.9
INV-2026-5452,BOL202600452,ONE,2026-05-29,676,67.6,350.0,1093.6
INV-2026-5453,BOL202600453,Hapag-Lloyd,2026-06-27,2086,312.9,150.0,2548.9
INV-2026-5454,BOL202600454,CMA CGM,2026-01-20,2607,312.84,250.0,3169.84
INV-2026-5455,BOL202600455,Evergreen,2026-06-09,1368,136.8,250.0,1754.8
INV-2026-5456,BOL202600456,Hapag-Lloyd,2026-05-11,1912,286.8,200.0,2398.8
INV-2026-5457,BOL202600457,Evergreen,2026-03-19,801,80.1,150.0,1031.1
INV-2026-5458,BOL202600458,ONE,2026-03-05,690,103.5,250.0,1043.5
INV-2026-5459,BOL202600459,Evergreen,2026-04-06,1368,136.8,0.0,1504.8
INV-2026-5460,BOL202600460,MSC,2026-06-16,2566,384.9,0.0,2950.9
INV-2026-5461,BOL202600461,Maersk,2026-06-15,2239,335.85,0.0,2574.85
INV-2026-5462,BOL202600462,CMA CGM,2026-06-27,1954,234.48,150.0,2338.48
INV-2026-5463,BOL202600463,MSC,2026-06-25,700,105.0,300.0,1105.0
INV-2026-5464,BOL202600464,Hapag-Lloyd,2026-02-12,858,85.8,50.0,993.8
INV-2026-5465,BOL202600465,Evergreen,2026-01-28,2389,286.68,500.0,3175.68
INV-2026-5466,BOL202600466,Evergreen,2026-06-14,801,80.1,50.0,931.1
INV-2026-5467,BOL202600467,MSC,2026-01-16,700,105.0,0.0,805.0
INV-2026-5468,BOL202600468,CMA CGM,2026-04-28,1496,149.6,0.0,1645.6
INV-2026-5469,BOL202600469,Maersk,2026-06-01,684,68.4,0.0,752.4
INV-2026-5470,BOL202600470,CMA CGM,2026-02-08,1026,153.9,0.0,1179.9
INV-2026-5471,BOL202600471,COSCO,2026-03-24,3186,477.9,50.0,3713.9
INV-2026-5472,BOL202600472,MSC,2026-04-20,936,140.4,0.0,1076.4
INV-2026-5473,BOL202600473,MSC,2026-02-26,1377,165.24,0.0,1542.24
INV-2026-5474,BOL202600474,COSCO,2026-05-26,1380,138.0,500.0,2018.0
INV-2026-5475,BOL202600475,CMA CGM,2026-04-08,1402,140.2,100.0,1642.2
INV-2026-5476,BOL202600476,MSC,2026-05-11,2944,441.6,500.0,3885.6
INV-2026-5477,BOL202600477,COSCO,2026-03-17,1485,222.75,200.0,1907.75
INV-2026-5478,BOL202600478,Hapag-Lloyd,2026-02-16,563,67.56,0.0,630.56
INV-2026-5479,BOL202600479,CMA CGM,2026-05-06,2681,268.1,150.0,3099.1
INV-2026-5480,BOL202600480,Evergreen,2026-03-22,2614,261.4,350.0,3225.4
INV-2026-5481,BOL202600481,Hapag-Lloyd,2026-04-04,2151,322.65,400.0,2873.65
INV-2026-5482,BOL202600482,Hapag-Lloyd,2026-02-04,1010,151.5,150.0,1311.5
INV-2026-5483,BOL202600483,ONE,2026-01-26,621,93.15,0.0,714.15
INV-2026-5484,BOL202600484,MSC,2026-03-03,936,140.4,200.0,1276.4
INV-2026-5485,BOL202600485,Hapag-Lloyd,2026-06-29,821,98.52,100.0,1019.52
INV-2026-5486,BOL202600486,Evergreen,2026-06-29,2835,283.5,0.0,3118.5
INV-2026-5487,BOL202600487,COSCO,2026-05-27,915,91.5,0.0,1006.5
INV-2026-5488,BOL202600488,MSC,2026-01-30,2671,320.52,150.0,3141.52
INV-2026-5489,BOL202600489,CMA CGM,2026-04-15,1026,153.9,0.0,1179.9
INV-2026-5490,BOL202600490,MSC,2026-03-12,1554,233.1,200.0,1987.1
INV-2026-5491,BOL202600491,MSC,2026-02-04,1913,229.56,150.0,2292.56
INV-2026-5492,BOL202600492,Evergreen,2026-04-08,1044,104.4,50.0,1198.4
INV-2026-5493,BOL202600493,Hapag-Lloyd,2026-06-27,2064,309.6,0.0,2373.6
INV-2026-5494,BOL202600494,ONE,2026-06-05,3099,371.88,0.0,3470.88
INV-2026-5495,BOL202600495,CMA CGM,2026-06-16,1493,223.95,0.0,1716.95
INV-2026-5496,BOL202600496,Maersk,2026-02-03,684,68.4,50.0,802.4
INV-2026-5497,BOL202600497,Evergreen,2026-03-08,2790,418.5,0.0,3208.5
INV-2026-5498,BOL202600498,MSC,2026-01-10,1804,180.4,0.0,1984.4
INV-2026-5499,BOL202600499,COSCO,2026-05-29,1485,222.75,0.0,1707.75
INV-2026-5500,BOL202600500,CMA CGM,2026-06-09,1728,172.8,0.0,1900.8
INV-2026-5501,BOL202600501,Evergreen,2026-06-20,801,80.1,0.0,881.1
INV-2026-5502,BOL202600502,MSC,2026-06-16,1804,180.4,200.0,2184.4
INV-2026-5503,BOL202600503,Evergreen,2026-05-04,735,88.2,250.0,1073.2
INV-2026-5504,BOL202600504,ONE,2026-07-04,3046,304.6,0.0,3350.6
INV-2026-5505,BOL202600505,MSC,2026-06-22,1913,229.56,100.0,2242.56
INV-2026-5506,BOL202600506,COSCO,2026-02-04,2723,272.3,0.0,2995.3
INV-2026-5507,BOL202600507,Maersk,2026-01-17,1600,240.0,0.0,1840.0
INV-2026-5508,BOL202600508,MSC,2026-03-24,1639,245.85,0.0,1884.85
INV-2026-5509,BOL202600509,Hapag-Lloyd,2026-02-01,1332,133.2,0.0,1465.2
INV-2026-5510,BOL202600510,COSCO,2026-03-05,1622,243.3,250.0,2115.3
INV-2026-5511,BOL202600511,COSCO,2026-05-22,1727,207.24,0.0,1934.24
INV-2026-5512,BOL202600512,Hapag-Lloyd,2026-04-14,2151,322.65,150.0,2623.65
INV-2026-5513,BOL202600513,Hapag-Lloyd,2026-04-10,1472,147.2,50.0,1669.2
INV-2026-5514,BOL202600514,MSC,2026-07-03,1628,195.36,100.0,1923.3600000000001
INV-2026-5515,BOL202600515,Hapag-Lloyd,2026-04-20,821,98.52,0.0,919.52
INV-2026-5516,BOL202600516,MSC,2026-02-13,3143,471.45,400.0,4014.45
INV-2026-5517,BOL202600517,Maersk,2026-04-21,1295,129.5,50.0,1474.5
INV-2026-5518,BOL202600518,MSC,2026-01-28,2566,256.6,200.0,3022.6
INV-2026-5519,BOL202600519,MSC,2026-05-11,1628,195.36,150.0,1973.3600000000001
INV-2026-5520,BOL202600520,ONE,2026-04-20,676,67.6,0.0,743.6
INV-2026-5521,BOL202600521,Evergreen,2026-01-16,2352,352.8,100.0,2804.8
INV-2026-5522,BOL202600522,Maersk,2026-04-09,3019,301.9,0.0,3320.9
INV-2026-5523,BOL202600523,Maersk,2026-04-26,1214,182.1,0.0,1396.1
INV-2026-5524,BOL202600524,COSCO,2026-03-06,2840,340.8,200.0,3380.8
INV-2026-5525,BOL202600525,MSC,2026-04-05,1804,180.4,0.0,1984.4
INV-2026-5526,BOL202600526,Hapag-Lloyd,2026-06-27,1006,120.72,50.0,1176.72
INV-2026-5527,BOL202600527,Evergreen,2026-05-23,735,88.2,250.0,1073.2
INV-2026-5528,BOL202600528,ONE,2026-06-22,690,103.5,50.0,843.5
INV-2026-5529,BOL202600529,MSC,2026-01-20,824,82.4,0.0,906.4
INV-2026-5530,BOL202600530,CMA CGM,2026-03-18,1894,189.4,0.0,2083.4
INV-2026-5531,BOL202600531,MSC,2026-02-04,824,82.4,350.0,1256.4
INV-2026-5532,BOL202600532,ONE,2026-04-30,974,116.88,0.0,1090.88
INV-2026-5533,BOL202600533,MSC,2026-06-21,1829,182.9,0.0,2011.9
INV-2026-5534,BOL202600534,CMA CGM,2026-06-20,1538,184.56,50.0,1772.56
INV-2026-5535,BOL202600535,COSCO,2026-06-08,2133,213.3,0.0,2346.3
INV-2026-5536,BOL202600536,MSC,2026-01-20,1829,182.9,400.0,2411.9
INV-2026-5537,BOL202600537,Evergreen,2026-04-02,2772,415.8,0.0,3187.8
INV-2026-5538,BOL202600538,CMA CGM,2026-02-08,2723,408.45,300.0,3431.45
INV-2026-5539,BOL202600539,Maersk,2026-06-01,971,145.65,0.0,1116.65
INV-2026-5540,BOL202600540,ONE,2026-01-21,2738,410.7,350.0,3498.7
INV-2026-5541,BOL202600541,CMA CGM,2026-05-27,1026,153.9,0.0,1179.9
INV-2026-5542,BOL202600542,Maersk,2026-06-04,1214,182.1,0.0,1396.1
INV-2026-5543,BOL202600543,Evergreen,2026-03-04,2835,283.5,0.0,3118.5
INV-2026-5544,BOL202600544,MSC,2026-02-10,3143,471.45,300.0,3914.45
INV-2026-5545,BOL202600545,ONE,2026-06-09,429,42.9,0.0,471.9
INV-2026-5546,BOL202600546,Hapag-Lloyd,2026-03-15,1472,147.2,200.0,1819.2
INV-2026-5547,BOL202600547,Maersk,2026-02-14,2632,315.84,0.0,2947.84
INV-2026-5548,BOL202600548,Hapag-Lloyd,2026-05-22,821,98.52,0.0,919.52
INV-2026-5549,BOL202600549,MSC,2026-02-18,2194,329.1,0.0,2523.1
INV-2026-5550,BOL202600550,Maersk,2026-06-24,818,81.8,350.0,1249.8
INV-2026-5551,BOL202600551,Evergreen,2026-01-14,2790,418.5,0.0,3208.5
INV-2026-5552,BOL202600552,MSC,2026-01-06,872,87.2,0.0,959.2
INV-2026-5553,BOL202600553,MSC,2026-03-09,2401,288.12,250.0,2939.12
INV-2026-5554,BOL202600554,CMA CGM,2026-03-28,985,118.2,0.0,1103.2
INV-2026-5555,BOL202600555,Evergreen,2026-02-19,649,97.35,0.0,746.35
INV-2026-5556,BOL202600556,Maersk,2026-01-16,1950,195.0,0.0,2145.0
INV-2026-5557,BOL202600557,Evergreen,2026-04-25,2393,239.3,200.0,2832.3
INV-2026-5558,BOL202600558,MSC,2026-02-04,2997,359.64,100.0,3456.64
INV-2026-5559,BOL202600559,COSCO,2026-01-24,1602,192.24,150.0,1944.24
INV-2026-5560,BOL202600560,ONE,2026-04-27,1395,167.4,300.0,1862.4
INV-2026-5561,BOL202600561,Hapag-Lloyd,2026-04-08,821,98.52,0.0,919.52
INV-2026-5562,BOL202600562,COSCO,2026-06-06,1429,214.35,0.0,1643.35
INV-2026-5563,BOL202600563,CMA CGM,2026-05-01,2020,303.0,100.0,2423.0
INV-2026-5564,BOL202600564,Evergreen,2026-03-02,1044,104.4,0.0,1148.4
INV-2026-5565,BOL202600565,ONE,2026-01-18,3046,304.6,350.0,3700.6
INV-2026-5566,BOL202600566,MSC,2026-06-23,1377,165.24,100.0,1642.24
INV-2026-5567,BOL202600567,COSCO,2026-03-26,2479,247.9,0.0,2726.9
INV-2026-5568,BOL202600568,Maersk,2026-06-16,1881,282.15,0.0,2163.15
INV-2026-5569,BOL202600569,Hapag-Lloyd,2026-01-21,1866,176.6,0.0,2042.6
INV-2026-5570,BOL202600570,Hapag-Lloyd,2026-04-18,858,85.8,0.0,943.8
INV-2026-5571,BOL202600571,ONE,2026-06-30,1540,184.8,0.0,1724.8
INV-2026-5572,BOL202600572,Hapag-Lloyd,2026-05-13,3103,310.3,250.0,3663.3
INV-2026-5573,BOL202600573,MSC,2026-05-01,2997,359.64,0.0,3356.64
INV-2026-5574,BOL202600574,ONE,2026-01-25,429,42.9,0.0,471.9
INV-2026-5575,BOL202600575,CMA CGM,2026-06-09,2681,268.1,0.0,2949.1
INV-2026-5576,BOL202600576,Evergreen,2026-01-21,1363,163.56,0.0,1526.56
INV-2026-5577,BOL202600577,ONE,2026-03-19,2049,307.35,150.0,2506.35
INV-2026-5578,BOL202600578,ONE,2026-06-17,847,84.7,250.0,1181.7
INV-2026-5579,BOL202600579,Maersk,2026-05-28,3019,301.9,350.0,3670.9
INV-2026-5580,BOL202600580,Maersk,2026-03-28,2239,335.85,0.0,2574.85
INV-2026-5581,BOL202600581,ONE,2026-06-04,486,72.9,0.0,558.9
INV-2026-5582,BOL202600582,Evergreen,2026-03-19,2733,273.3,0.0,3006.3
INV-2026-5583,BOL202600583,MSC,2026-05-12,1554,233.1,250.0,2037.1
INV-2026-5584,BOL202600584,Maersk,2026-04-24,1353,135.3,0.0,1488.3
INV-2026-5585,BOL202600585,COSCO,2026-07-04,2496,351.9,0.0,2847.9
INV-2026-5586,BOL202600586,COSCO,2026-06-19,2346,351.9,300.0,2997.9
INV-2026-5587,BOL202600587,COSCO,2026-05-27,3192,478.8,250.0,3920.8
INV-2026-5588,BOL202600588,Maersk,2026-03-02,1214,182.1,150.0,1546.1
INV-2026-5589,BOL202600589,Hapag-Lloyd,2026-05-01,1125,135.0,500.0,1760.0
INV-2026-5590,BOL202600590,Evergreen,2026-03-02,1368,136.8,0.0,1504.8
INV-2026-5591,BOL202600591,COSCO,2026-04-01,1478,221.7,450.0,2149.7
INV-2026-5592,BOL202600592,Maersk,2026-04-30,2872,344.64,100.0,3316.64
INV-2026-5593,BOL202600593,Evergreen,2026-04-20,1044,104.4,100.0,1248.4
INV-2026-5594,BOL202600594,Maersk,2026-02-01,1526,152.6,50.0,1728.6
INV-2026-5595,BOL202600595,COSCO,2026-04-26,1478,221.7,50.0,1749.7
INV-2026-5596,BOL202600596,COSCO,2026-06-26,1727,207.24,0.0,1934.24
INV-2026-5597,BOL202600597,CMA CGM,2026-04-11,1270,190.5,0.0,1460.5
INV-2026-5598,BOL202600598,Evergreen,2026-06-28,2042,204.2,500.0,2746.2
INV-2026-5599,BOL202600599,Hapag-Lloyd,2026-05-05,2151,322.65,0.0,2473.65
INV-2026-5600,BOL202600600,COSCO,2026-01-30,660,79.2,350.0,1089.2
INV-2026-5601,BOL202600601,COSCO,2026-01-25,1727,207.24,0.0,1934.24
INV-2026-5602,BOL202600602,Maersk,2026-04-23,2131,255.72,0.0,2386.72
INV-2026-5603,BOL202600603,Hapag-Lloyd,2026-04-08,1744,209.28,400.0,2353.2799999999997
INV-2026-5604,BOL202600604,Evergreen,2026-02-08,2132,319.8,0.0,2451.8
INV-2026-5605,BOL202600605,COSCO,2026-01-21,3025,363.0,250.0,3638.0
INV-2026-5606,BOL202600606,COSCO,2026-05-27,1931,193.1,0.0,2124.1
INV-2026-5607,BOL202600607,Hapag-Lloyd,2026-04-02,2151,322.65,300.0,2773.65
INV-2026-5608,BOL202600608,Evergreen,2026-02-07,1486,178.32,0.0,1664.32
INV-2026-5609,BOL202600609,COSCO,2026-04-08,3192,478.8,350.0,4020.8
INV-2026-5610,BOL202600610,Maersk,2026-06-27,2389,335.85,300.0,3024.85
INV-2026-5611,BOL202600611,ONE,2026-04-22,1929,231.48,200.0,2360.48
INV-2026-5612,BOL202600612,Maersk,2026-01-20,1526,152.6,0.0,1678.6
INV-2026-5613,BOL202600613,MSC,2026-06-08,1695,203.4,0.0,1898.4
INV-2026-5614,BOL202600614,ONE,2026-04-03,690,103.5,0.0,793.5
INV-2026-5615,BOL202600615,COSCO,2026-05-31,1622,243.3,0.0,1865.3
INV-2026-5616,BOL202600616,Maersk,2026-02-26,796,95.52,0.0,891.52
INV-2026-5617,BOL202600617,CMA CGM,2026-06-25,2035,244.2,150.0,2429.2
INV-2026-5618,BOL202600618,CMA CGM,2026-03-05,1493,223.95,200.0,1916.95
INV-2026-5619,BOL202600619,ONE,2026-01-30,3046,304.6,50.0,3400.6
INV-2026-5620,BOL202600620,Hapag-Lloyd,2026-05-27,2327,232.7,50.0,2609.7
INV-2026-5621,BOL202600621,Maersk,2026-02-05,2632,315.84,400.0,3347.84
INV-2026-5622,BOL202600622,MSC,2026-03-19,2194,329.1,0.0,2523.1
INV-2026-5623,BOL202600623,COSCO,2026-03-04,1478,221.7,400.0,2099.7
INV-2026-5624,BOL202600624,COSCO,2026-04-22,1672,243.3,200.0,2115.3
INV-2026-5625,BOL202600625,Evergreen,2026-05-26,2352,352.8,150.0,2854.8
INV-2026-5626,BOL202600626,CMA CGM,2026-06-11,2794,335.28,0.0,3129.2799999999997
INV-2026-5627,BOL202600627,Evergreen,2026-06-27,2772,415.8,50.0,3237.8
INV-2026-5628,BOL202600628,MSC,2026-05-30,1628,195.36,0.0,1823.3600000000001
INV-2026-5629,BOL202600629,Hapag-Lloyd,2026-06-10,842,101.04,500.0,1443.04
INV-2026-5630,BOL202600630,COSCO,2026-06-23,1478,221.7,450.0,2149.7
INV-2026-5631,BOL202600631,Evergreen,2026-07-03,2352,352.8,0.0,2704.8
INV-2026-5632,BOL202600632,COSCO,2026-01-11,858,102.96,0.0,960.96
INV-2026-5633,BOL202600633,Hapag-Lloyd,2026-03-15,2064,309.6,100.0,2473.6
INV-2026-5634,BOL202600634,Evergreen,2026-03-24,634,63.4,250.0,947.4
INV-2026-5635,BOL202600635,Hapag-Lloyd,2026-03-31,2086,312.9,0.0,2398.9
INV-2026-5636,BOL202600636,Maersk,2026-01-07,530,53.0,0.0,583.0
INV-2026-5637,BOL202600637,COSCO,2026-02-13,3192,478.8,150.0,3820.8
INV-2026-5638,BOL202600638,CMA CGM,2026-06-20,1026,153.9,100.0,1279.9
INV-2026-5639,BOL202600639,Maersk,2026-01-23,2865,286.5,0.0,3151.5
INV-2026-5640,BOL202600640,Evergreen,2026-06-15,2389,406.13,0.0,2795.13
INV-2026-5641,BOL202600641,COSCO,2026-01-26,1429,214.35,350.0,1993.35
INV-2026-5642,BOL202600642,ONE,2026-05-18,486,72.9,0.0,558.9
INV-2026-5643,BOL202600643,CMA CGM,2026-04-13,3054,458.1,0.0,3512.1
INV-2026-5644,BOL202600644,ONE,2026-05-04,3046,304.6,50.0,3400.6
INV-2026-5645,BOL202600645,COSCO,2026-02-17,1380,138.0,50.0,1568.0
INV-2026-5646,BOL202600646,COSCO,2026-03-23,1931,193.1,100.0,2224.1
INV-2026-5647,BOL202600647,Hapag-Lloyd,2026-04-01,2351,322.65,400.0,3073.65
INV-2026-5648,BOL202600648,MSC,2026-05-30,872,87.2,0.0,959.2
INV-2026-5649,BOL202600649,Hapag-Lloyd,2026-01-29,1912,286.8,250.0,2448.8
INV-2026-5650,BOL202600650,CMA CGM,2026-01-18,1270,190.5,0.0,1460.5
INV-2026-5651,BOL202600651,Evergreen,2026-02-14,2733,273.3,150.0,3156.3
INV-2026-5652,BOL202600652,Maersk,2026-06-10,684,68.4,0.0,752.4
INV-2026-5653,BOL202600653,Hapag-Lloyd,2026-06-24,1332,133.2,0.0,1465.2
INV-2026-5654,BOL202600654,Evergreen,2026-03-16,2790,418.5,0.0,3208.5
INV-2026-5655,BOL202600655,ONE,2026-06-21,1277,191.55,100.0,1568.55
INV-2026-5656,BOL202600656,MSC,2026-05-11,778,116.7,150.0,1044.7
INV-2026-5657,BOL202600657,Maersk,2026-04-29,426,42.6,0.0,468.6
INV-2026-5658,BOL202600658,Evergreen,2026-03-15,2835,425.25,0.0,3260.25
INV-2026-5659,BOL202600659,CMA CGM,2026-05-18,1954,234.48,0.0,2188.48
INV-2026-5660,BOL202600660,ONE,2026-04-02,429,42.9,0.0,471.9
INV-2026-5661,BOL202600661,COSCO,2026-01-31,1380,138.0,0.0,1518.0
INV-2026-5662,BOL202600662,CMA CGM,2026-06-30,3187,382.44,50.0,3619.44
INV-2026-5663,BOL202600663,Maersk,2026-06-04,1214,182.1,0.0,1396.1
INV-2026-5664,BOL202600664,COSCO,2026-05-17,1931,289.65,50.0,2270.65
INV-2026-5665,BOL202600665,CMA CGM,2026-03-22,3187,382.44,0.0,3569.44
INV-2026-5666,BOL202600666,MSC,2026-03-03,824,82.4,0.0,906.4
INV-2026-5667,BOL202600667,Evergreen,2026-06-06,2790,418.5,0.0,3208.5
INV-2026-5668,BOL202600668,Maersk,2026-01-04,971,145.65,0.0,1116.65
INV-2026-5669,BOL202600669,Evergreen,2026-03-26,2733,273.3,0.0,3006.3
INV-2026-5670,BOL202600670,ONE,2026-02-10,3046,304.6,400.0,3750.6
INV-2026-5671,BOL202600671,ONE,2026-03-10,621,93.15,0.0,714.15
INV-2026-5672,BOL202600672,Hapag-Lloyd,2026-04-01,1912,286.8,0.0,2198.8
INV-2026-5673,BOL202600673,Evergreen,2026-01-04,728,72.8,150.0,950.8
INV-2026-5674,BOL202600674,Maersk,2026-04-23,971,145.65,0.0,1116.65
INV-2026-5675,BOL202600675,Maersk,2026-02-05,2131,255.72,0.0,2386.72
INV-2026-5676,BOL202600676,Hapag-Lloyd,2026-05-23,563,67.56,350.0,980.56
INV-2026-5677,BOL202600677,CMA CGM,2026-03-05,1493,223.95,150.0,1866.95
INV-2026-5678,BOL202600678,COSCO,2026-05-29,1727,207.24,450.0,2384.24
INV-2026-5679,BOL202600679,Hapag-Lloyd,2026-06-25,1134,170.1,300.0,1604.1
INV-2026-5680,BOL202600680,Evergreen,2026-04-07,2790,418.5,0.0,3208.5
INV-2026-5681,BOL202600681,ONE,2026-04-16,847,84.7,450.0,1381.7
INV-2026-5682,BOL202600682,CMA CGM,2026-01-17,1855,185.5,0.0,2040.5
INV-2026-5683,BOL202600683,MSC,2026-01-12,1695,203.4,150.0,2048.4
INV-2026-5684,BOL202600684,ONE,2026-01-25,1277,191.55,450.0,1918.55
INV-2026-5685,BOL202600685,MSC,2026-03-27,2997,359.64,0.0,3356.64
INV-2026-5686,BOL202600686,Maersk,2026-04-23,530,53.0,250.0,833.0
INV-2026-5687,BOL202600687,Hapag-Lloyd,2026-04-20,1010,151.5,350.0,1511.5
INV-2026-5688,BOL202600688,MSC,2026-06-16,1829,182.9,100.0,2111.9
INV-2026-5689,BOL202600689,COSCO,2026-03-21,2990,340.8,0.0,3330.8
INV-2026-5690,BOL202600690,ONE,2026-04-21,847,84.7,0.0,931.7
INV-2026-5691,BOL202600691,ONE,2026-03-27,2984,298.4,0.0,3282.4
INV-2026-5692,BOL202600692,Maersk,2026-06-10,796,95.52,50.0,941.52
INV-2026-5693,BOL202600693,CMA CGM,2026-07-01,3054,305.4,250.0,3609.4
INV-2026-5694,BOL202600694,MSC,2026-04-10,1533,153.3,0.0,1686.3
INV-2026-5695,BOL202600695,MSC,2026-04-25,872,87.2,200.0,1159.2
INV-2026-5696,BOL202600696,ONE,2026-01-31,1342,201.3,0.0,1543.3
INV-2026-5697,BOL202600697,ONE,2026-04-24,1395,167.4,150.0,1712.4
INV-2026-5698,BOL202600698,Evergreen,2026-04-16,1044,104.4,0.0,1148.4
INV-2026-5699,BOL202600699,MSC,2026-01-23,2566,384.9,0.0,2950.9
INV-2026-5700,BOL202600700,ONE,2026-03-24,1342,201.3,350.0,1893.3
INV-2026-5701,BOL202600701,Maersk,2026-04-03,2872,344.64,0.0,3216.64
INV-2026-5702,BOL202600702,Hapag-Lloyd,2026-03-31,2285,274.2,300.0,2859.2
INV-2026-5703,BOL202600703,COSCO,2026-02-20,915,91.5,0.0,1006.5
INV-2026-5704,BOL202600704,CMA CGM,2026-05-13,3187,382.44,50.0,3619.44
INV-2026-5705,BOL202600705,Evergreen,2026-02-06,2389,286.68,200.0,2875.68
INV-2026-5706,BOL202600706,ONE,2026-05-13,1342,201.3,0.0,1543.3
INV-2026-5707,BOL202600707,Evergreen,2026-04-02,728,72.8,50.0,850.8
INV-2026-5708,BOL202600708,COSCO,2026-06-18,2258,225.8,200.0,2683.8
INV-2026-5709,BOL202600709,ONE,2026-02-11,1395,167.4,0.0,1562.4
INV-2026-5710,BOL202600710,CMA CGM,2026-02-01,2607,312.84,0.0,2919.84
INV-2026-5711,BOL202600711,Maersk,2026-03-14,1036,103.6,0.0,1139.6
INV-2026-5712,BOL202600712,Hapag-Lloyd,2026-02-19,3193,319.3,0.0,3512.3
INV-2026-5713,BOL202600713,Evergreen,2026-02-11,1363,163.56,400.0,1926.56
INV-2026-5714,BOL202600714,Hapag-Lloyd,2026-06-20,2151,322.65,0.0,2473.65
INV-2026-5715,BOL202600715,ONE,2026-02-21,2738,410.7,300.0,3448.7
INV-2026-5716,BOL202600716,Evergreen,2026-06-12,2835,283.5,0.0,3118.5
INV-2026-5717,BOL202600717,ONE,2026-05-04,2049,307.35,300.0,2656.35
INV-2026-5718,BOL202600718,COSCO,2026-05-27,1380,138.0,400.0,1918.0
INV-2026-5719,BOL202600719,Evergreen,2026-06-01,2772,415.8,0.0,3187.8
INV-2026-5720,BOL202600720,COSCO,2026-06-29,2894,289.4,500.0,3683.4
INV-2026-5721,BOL202600721,ONE,2026-05-27,1395,167.4,200.0,1762.4
INV-2026-5722,BOL202600722,ONE,2026-06-19,1179,176.85,150.0,1505.85
INV-2026-5723,BOL202600723,Maersk,2026-03-31,796,95.52,350.0,1241.52
INV-2026-5724,BOL202600724,Evergreen,2026-06-12,634,63.4,0.0,697.4
INV-2026-5725,BOL202600725,Hapag-Lloyd,2026-02-12,1766,176.6,0.0,1942.6
INV-2026-5726,BOL202600726,Hapag-Lloyd,2026-01-25,1472,147.2,0.0,1619.2
INV-2026-5727,BOL202600727,ONE,2026-04-28,1395,167.4,200.0,1762.4
INV-2026-5728,BOL202600728,ONE,2026-03-21,2984,298.4,400.0,3682.4
INV-2026-5729,BOL202600729,CMA CGM,2026-03-16,1270,190.5,150.0,1610.5
INV-2026-5730,BOL202600730,COSCO,2026-01-18,1429,285.8,50.0,1764.8
INV-2026-5731,BOL202600731,COSCO,2026-05-15,2479,247.9,0.0,2726.9
INV-2026-5732,BOL202600732,Evergreen,2026-03-27,2614,261.4,150.0,3025.4
INV-2026-5733,BOL202600733,Evergreen,2026-04-29,1044,104.4,0.0,1148.4
INV-2026-5734,BOL202600734,ONE,2026-01-17,1320,132.0,0.0,1452.0
INV-2026-5735,BOL202600735,Maersk,2026-03-18,1950,195.0,0.0,2145.0
INV-2026-5736,BOL202600736,Hapag-Lloyd,2026-06-17,1766,176.6,200.0,2142.6
INV-2026-5737,BOL202600737,Evergreen,2026-01-27,1044,104.4,0.0,1148.4
INV-2026-5738,BOL202600738,ONE,2026-06-07,1179,117.9,200.0,1496.9
INV-2026-5739,BOL202600739,Hapag-Lloyd,2026-04-16,821,98.52,0.0,919.52
INV-2026-5740,BOL202600740,MSC,2026-05-31,936,140.4,0.0,1076.4
INV-2026-5741,BOL202600741,MSC,2026-01-15,2194,329.1,0.0,2523.1
INV-2026-5742,BOL202600742,COSCO,2026-05-29,1777,207.24,300.0,2284.24
INV-2026-5743,BOL202600743,Hapag-Lloyd,2026-02-21,2151,322.65,50.0,2523.65
INV-2026-5744,BOL202600744,COSCO,2026-06-09,2133,213.3,0.0,2346.3
INV-2026-5745,BOL202600745,Maersk,2026-05-11,2865,286.5,0.0,3151.5
INV-2026-5746,BOL202600746,Evergreen,2026-01-20,801,80.1,0.0,881.1
INV-2026-5747,BOL202600747,COSCO,2026-02-01,2572,385.8,150.0,3107.8
INV-2026-5748,BOL202600748,Hapag-Lloyd,2026-04-04,2151,322.65,350.0,2823.65
INV-2026-5749,BOL202600749,Evergreen,2026-01-29,2042,204.2,200.0,2446.2
INV-2026-5750,BOL202600750,MSC,2026-06-17,1639,245.85,0.0,1884.85
INV-2026-5751,BOL202600751,COSCO,2026-01-16,1622,243.3,0.0,1865.3
INV-2026-5752,BOL202600752,Maersk,2026-04-26,756,113.4,50.0,919.4
INV-2026-5753,BOL202600753,MSC,2026-05-19,778,116.7,100.0,994.7
INV-2026-5754,BOL202600754,ONE,2026-06-09,1540,261.8,0.0,1801.8
INV-2026-5755,BOL202600755,Evergreen,2026-04-10,728,72.8,50.0,850.8
INV-2026-5756,BOL202600756,CMA CGM,2026-03-21,3187,382.44,0.0,3569.44
INV-2026-5757,BOL202600757,COSCO,2026-04-20,2840,340.8,150.0,3330.8
INV-2026-5758,BOL202600758,COSCO,2026-04-02,2390,239.0,50.0,2679.0
INV-2026-5759,BOL202600759,Hapag-Lloyd,2026-06-07,2327,232.7,0.0,2559.7
INV-2026-5760,BOL202600760,Maersk,2026-06-16,3019,301.9,300.0,3620.9
INV-2026-5761,BOL202600761,MSC,2026-04-02,2566,256.6,0.0,2822.6
INV-2026-5762,BOL202600762,Evergreen,2026-04-01,1363,163.56,0.0,1526.56
INV-2026-5763,BOL202600763,COSCO,2026-05-28,2258,225.8,50.0,2533.8
INV-2026-5764,BOL202600764,MSC,2026-04-13,1804,180.4,0.0,1984.4
INV-2026-5765,BOL202600765,ONE,2026-03-11,1395,167.4,250.0,1812.4
INV-2026-5766,BOL202600766,ONE,2026-06-24,1320,132.0,400.0,1852.0
INV-2026-5767,BOL202600767,CMA CGM,2026-06-09,3054,305.4,200.0,3559.4
INV-2026-5768,BOL202600768,Evergreen,2026-02-10,708,84.96,0.0,792.96
INV-2026-5769,BOL202600769,COSCO,2026-01-24,1772,243.3,0.0,2015.3
INV-2026-5770,BOL202600770,Evergreen,2026-06-21,735,88.2,0.0,823.2
INV-2026-5771,BOL202600771,COSCO,2026-04-05,2258,225.8,0.0,2483.8
INV-2026-5772,BOL202600772,ONE,2026-06-23,1540,231.0,250.0,2021.0
INV-2026-5773,BOL202600773,COSCO,2026-06-22,2479,247.9,0.0,2726.9
INV-2026-5774,BOL202600774,COSCO,2026-02-10,1380,138.0,250.0,1768.0
INV-2026-5775,BOL202600775,COSCO,2026-01-28,3186,477.9,0.0,3663.9
INV-2026-5776,BOL202600776,MSC,2026-05-31,2401,408.17,100.0,2909.17
INV-2026-5777,BOL202600777,Evergreen,2026-06-17,728,72.8,400.0,1200.8
INV-2026-5778,BOL202600778,ONE,2026-03-31,2034,305.1,200.0,2539.1
INV-2026-5779,BOL202600779,Evergreen,2026-02-05,2132,319.8,50.0,2501.8
INV-2026-5780,BOL202600780,Hapag-Lloyd,2026-07-05,1006,120.72,450.0,1576.72
INV-2026-5781,BOL202600781,Hapag-Lloyd,2026-07-02,2285,274.2,400.0,2959.2
INV-2026-5782,BOL202600782,ONE,2026-05-21,3134,298.4,0.0,3432.4
INV-2026-5783,BOL202600783,Maersk,2026-06-21,1600,240.0,50.0,1890.0
INV-2026-5784,BOL202600784,COSCO,2026-04-25,2479,247.9,0.0,2726.9
INV-2026-5785,BOL202600785,Evergreen,2026-04-08,2389,286.68,0.0,2675.68
INV-2026-5786,BOL202600786,MSC,2026-04-06,1639,245.85,0.0,1884.85
INV-2026-5787,BOL202600787,CMA CGM,2026-02-18,985,167.45,0.0,1152.45
INV-2026-5788,BOL202600788,MSC,2026-04-04,778,116.7,300.0,1194.7
INV-2026-5789,BOL202600789,COSCO,2026-05-11,3192,478.8,0.0,3670.8
INV-2026-5790,BOL202600790,Evergreen,2026-03-03,2393,239.3,0.0,2632.3
INV-2026-5791,BOL202600791,Evergreen,2026-02-12,728,72.8,0.0,800.8
INV-2026-5792,BOL202600792,Evergreen,2026-03-21,634,63.4,200.0,897.4
INV-2026-5793,BOL202600793,MSC,2026-01-30,1695,288.15,200.0,2183.15
INV-2026-5794,BOL202600794,MSC,2026-05-22,1829,182.9,450.0,2461.9
INV-2026-5795,BOL202600795,COSCO,2026-05-18,2479,247.9,0.0,2726.9
INV-2026-5796,BOL202600796,Maersk,2026-06-25,2865,286.5,0.0,3151.5
INV-2026-5797,BOL202600797,MSC,2026-06-10,1804,180.4,0.0,1984.4
INV-2026-5798,BOL202600798,MSC,2026-06-09,697,69.7,0.0,766.7
INV-2026-5799,BOL202600799,ONE,2026-02-11,1277,191.55,0.0,1468.55
INV-2026-5800,BOL202600800,Evergreen,2026-02-20,708,84.96,200.0,992.96
INV-2026-5801,BOL202600801,ONE,2026-06-30,2984,298.4,400.0,3682.4
INV-2026-5802,BOL202600802,Hapag-Lloyd,2026-06-14,1125,135.0,400.0,1660.0
INV-2026-5803,BOL202600803,CMA CGM,2026-02-17,2020,303.0,250.0,2573.0
INV-2026-5804,BOL202600804,Evergreen,2026-04-26,1615,161.5,0.0,1776.5
INV-2026-5805,BOL202600805,MSC,2026-04-22,778,116.7,0.0,894.7
INV-2026-5806,BOL202600806,Hapag-Lloyd,2026-06-29,1472,147.2,100.0,1719.2
INV-2026-5807,BOL202600807,Evergreen,2026-03-05,2835,283.5,0.0,3118.5
INV-2026-5808,BOL202600808,Evergreen,2026-06-09,801,80.1,0.0,881.1
INV-2026-5809,BOL202600809,CMA CGM,2026-05-02,2020,303.0,0.0,2323.0
INV-2026-5810,BOL202600810,Hapag-Lloyd,2026-05-20,1033,103.3,0.0,1136.3
INV-2026-5811,BOL202600811,COSCO,2026-03-23,858,102.96,300.0,1260.96
INV-2026-5812,BOL202600812,Hapag-Lloyd,2026-05-07,2064,309.6,250.0,2623.6
INV-2026-5813,BOL202600813,Maersk,2026-02-25,1333,226.61,50.0,1609.6100000000001
INV-2026-5814,BOL202600814,Hapag-Lloyd,2026-06-29,563,67.56,250.0,880.56
INV-2026-5815,BOL202600815,Evergreen,2026-04-29,2733,273.3,0.0,3006.3
INV-2026-5816,BOL202600816,Evergreen,2026-03-20,2837,283.7,150.0,3270.7
INV-2026-5817,BOL202600817,ONE,2026-04-13,690,103.5,200.0,993.5
INV-2026-5818,BOL202600818,COSCO,2026-05-23,2723,272.3,100.0,3095.3
INV-2026-5819,BOL202600819,ONE,2026-02-15,2049,307.35,350.0,2706.35
INV-2026-5820,BOL202600820,Evergreen,2026-02-24,2352,352.8,150.0,2854.8
INV-2026-5821,BOL202600821,COSCO,2026-06-06,3186,477.9,0.0,3663.9
INV-2026-5822,BOL202600822,CMA CGM,2026-03-13,1402,140.2,0.0,1542.2
INV-2026-5823,BOL202600823,MSC,2026-06-18,697,69.7,50.0,816.7
INV-2026-5824,BOL202600824,MSC,2026-04-10,1554,233.1,200.0,1987.1
INV-2026-5825,BOL202600825,Maersk,2026-02-03,2872,344.64,350.0,3566.64
INV-2026-5826,BOL202600826,ONE,2026-05-17,1277,191.55,450.0,1918.55
INV-2026-5827,BOL202600827,Maersk,2026-02-08,1800,240.0,0.0,2040.0
INV-2026-5828,BOL202600828,MSC,2026-01-27,2997,359.64,150.0,3506.64
INV-2026-5829,BOL202600829,Evergreen,2026-02-14,2393,239.3,0.0,2632.3
INV-2026-5830,BOL202600830,Evergreen,2026-05-01,2772,415.8,250.0,3437.8
INV-2026-5831,BOL202600831,CMA CGM,2026-05-16,3000,300.0,0.0,3300.0
INV-2026-5832,BOL202600832,MSC,2026-04-24,778,116.7,0.0,894.7
INV-2026-5833,BOL202600833,Maersk,2026-03-04,1333,159.96,450.0,1942.96
INV-2026-5834,BOL202600834,COSCO,2026-05-03,1727,207.24,500.0,2434.24
INV-2026-5835,BOL202600835,Evergreen,2026-04-05,2352,352.8,250.0,2954.8
INV-2026-5836,BOL202600836,CMA CGM,2026-01-09,531,63.72,0.0,594.72
INV-2026-5837,BOL202600837,ONE,2026-01-18,2249,224.9,100.0,2573.9
INV-2026-5838,BOL202600838,MSC,2026-05-11,2472,296.64,50.0,2818.64
INV-2026-5839,BOL202600839,Maersk,2026-03-05,1333,159.96,100.0,1592.96
INV-2026-5840,BOL202600840,ONE,2026-01-24,2738,410.7,0.0,3148.7
INV-2026-5841,BOL202600841,MSC,2026-03-05,2666,266.6,0.0,2932.6
INV-2026-5842,BOL202600842,ONE,2026-03-25,847,84.7,500.0,1431.7
INV-2026-5843,BOL202600843,Evergreen,2026-02-01,708,84.96,200.0,992.96
INV-2026-5844,BOL202600844,CMA CGM,2026-06-23,1728,259.2,50.0,2037.2
INV-2026-5845,BOL202600845,Maersk,2026-02-14,530,53.0,0.0,583.0
INV-2026-5846,BOL202600846,COSCO,2026-01-15,1622,243.3,0.0,1865.3
INV-2026-5847,BOL202600847,COSCO,2026-05-03,2572,257.2,100.0,2929.2
INV-2026-5848,BOL202600848,Evergreen,2026-02-08,2772,415.8,150.0,3337.8
INV-2026-5849,BOL202600849,Evergreen,2026-07-06,735,88.2,0.0,823.2
INV-2026-5850,BOL202600850,ONE,2026-05-02,1277,191.55,250.0,1718.55
INV-2026-5851,BOL202600851,Maersk,2026-01-09,1353,135.3,400.0,1888.3
INV-2026-5852,BOL202600852,Hapag-Lloyd,2026-01-24,1744,209.28,0.0,1953.28
INV-2026-5853,BOL202600853,CMA CGM,2026-03-12,772,77.2,0.0,849.2
INV-2026-5854,BOL202600854,Maersk,2026-02-13,1295,129.5,0.0,1424.5
INV-2026-5855,BOL202600855,CMA CGM,2026-06-09,1546,149.6,200.0,1895.6
INV-2026-5856,BOL202600856,Evergreen,2026-04-23,2733,273.3,0.0,3006.3
INV-2026-5857,BOL202600857,Evergreen,2026-03-22,1615,161.5,0.0,1776.5
INV-2026-5858,BOL202600858,Evergreen,2026-03-22,1615,161.5,0.0,1776.5
INV-2026-5859,BOL202600859,ONE,2026-01-16,1540,231.0,0.0,1771.0
INV-2026-5860,BOL202600860,CMA CGM,2026-04-22,1496,149.6,300.0,1945.6
INV-2026-5861,BOL202600861,COSCO,2026-06-14,2894,289.4,150.0,3333.4
INV-2026-5862,BOL202600862,Hapag-Lloyd,2026-01-21,563,67.56,0.0,630.56
INV-2026-5863,BOL202600863,Evergreen,2026-05-13,2733,273.3,0.0,3006.3
INV-2026-5864,BOL202600864,Hapag-Lloyd,2026-05-25,2064,309.6,0.0,2373.6
INV-2026-5865,BOL202600865,Maersk,2026-06-18,1036,103.6,100.0,1239.6
INV-2026-5866,BOL202600866,CMA CGM,2026-05-31,985,118.2,0.0,1103.2
INV-2026-5867,BOL202600867,MSC,2026-02-11,2194,329.1,0.0,2523.1
INV-2026-5868,BOL202600868,Maersk,2026-04-25,2131,362.27,0.0,2493.27
INV-2026-5869,BOL202600869,Maersk,2026-06-12,684,68.4,0.0,752.4
INV-2026-5870,BOL202600870,Hapag-Lloyd,2026-03-06,1416,169.92,250.0,1835.92
INV-2026-5871,BOL202600871,Evergreen,2026-04-23,1363,163.56,150.0,1676.56
INV-2026-5872,BOL202600872,Maersk,2026-06-27,796,95.52,200.0,1091.52
INV-2026-5873,BOL202600873,Hapag-Lloyd,2026-01-24,1472,147.2,0.0,1619.2
INV-2026-5874,BOL202600874,CMA CGM,2026-04-09,531,63.72,0.0,594.72
INV-2026-5875,BOL202600875,Maersk,2026-05-21,1295,129.5,0.0,1424.5
INV-2026-5876,BOL202600876,CMA CGM,2026-05-12,3000,300.0,150.0,3450.0
INV-2026-5877,BOL202600877,Maersk,2026-05-16,2872,344.64,200.0,3416.64
INV-2026-5878,BOL202600878,Maersk,2026-01-12,2865,286.5,0.0,3151.5
INV-2026-5879,BOL202600879,COSCO,2026-05-06,1622,243.3,0.0,1865.3
INV-2026-5880,BOL202600880,ONE,2026-06-15,1929,231.48,0.0,2160.48
INV-2026-5881,BOL202600881,CMA CGM,2026-04-08,1538,184.56,0.0,1722.56
INV-2026-5882,BOL202600882,Maersk,2026-01-12,3171,634.2,0.0,3805.2
INV-2026-5883,BOL202600883,COSCO,2026-01-24,1485,222.75,0.0,1707.75
INV-2026-5884,BOL202600884,MSC,2026-03-09,2401,288.12,350.0,3039.12
INV-2026-5885,BOL202600885,Maersk,2026-06-24,756,113.4,200.0,1069.4
INV-2026-5886,BOL202600886,Hapag-Lloyd,2026-02-01,2285,274.2,300.0,2859.2
INV-2026-5887,BOL202600887,Evergreen,2026-06-01,1615,161.5,350.0,2126.5
INV-2026-5888,BOL202600888,Evergreen,2026-03-30,1952,195.2,0.0,2147.2
INV-2026-5889,BOL202600889,CMA CGM,2026-01-17,2681,268.1,150.0,3099.1
INV-2026-5890,BOL202600890,CMA CGM,2026-05-27,1538,184.56,0.0,1722.56
INV-2026-5891,BOL202600891,CMA CGM,2026-06-21,1493,223.95,0.0,1716.95
INV-2026-5892,BOL202600892,MSC,2026-07-01,778,116.7,50.0,944.7
INV-2026-5893,BOL202600893,ONE,2026-07-05,1395,167.4,50.0,1612.4
INV-2026-5894,BOL202600894,ONE,2026-06-13,847,84.7,0.0,931.7
INV-2026-5895,BOL202600895,ONE,2026-02-10,3099,371.88,0.0,3470.88
INV-2026-5896,BOL202600896,Evergreen,2026-05-02,2042,204.2,0.0,2246.2
INV-2026-5897,BOL202600897,Evergreen,2026-03-23,2790,418.5,0.0,3208.5
INV-2026-5898,BOL202600898,COSCO,2026-01-14,1429,214.35,400.0,2043.35
INV-2026-5899,BOL202600899,ONE,2026-02-27,1277,191.55,500.0,1968.55
INV-2026-5900,BOL202600900,Maersk,2026-01-16,1353,135.3,0.0,1488.3
INV-2026-5901,BOL202600901,Maersk,2026-03-24,426,42.6,0.0,468.6
INV-2026-5902,BOL202600902,MSC,2026-04-18,1639,245.85,200.0,2084.85
INV-2026-5903,BOL202600903,Hapag-Lloyd,2026-05-22,2151,322.65,150.0,2623.65
INV-2026-5904,BOL202600904,MSC,2026-03-12,2997,359.64,0.0,3356.64
INV-2026-5905,BOL202600905,Maersk,2026-06-19,1353,135.3,0.0,1488.3
INV-2026-5906,BOL202600906,ONE,2026-03-19,3099,371.88,0.0,3470.88
INV-2026-5907,BOL202600907,COSCO,2026-01-17,858,102.96,350.0,1310.96
INV-2026-5908,BOL202600908,COSCO,2026-06-22,3025,363.0,50.0,3438.0
INV-2026-5909,BOL202600909,Evergreen,2026-03-16,1368,205.2,0.0,1573.2
INV-2026-5910,BOL202600910,ONE,2026-04-09,1179,176.85,0.0,1355.85
INV-2026-5911,BOL202600911,ONE,2026-04-19,676,67.6,250.0,993.6
INV-2026-5912,BOL202600912,COSCO,2026-04-30,1602,192.24,500.0,2294.24
INV-2026-5913,BOL202600913,Evergreen,2026-04-14,2733,273.3,0.0,3006.3
INV-2026-5914,BOL202600914,COSCO,2026-02-21,1223,183.45,50.0,1456.45
INV-2026-5915,BOL202600915,ONE,2026-06-29,1540,184.8,150.0,1874.8
INV-2026-5916,BOL202600916,MSC,2026-04-09,1377,165.24,400.0,1942.24
INV-2026-5917,BOL202600917,CMA CGM,2026-05-15,985,118.2,0.0,1103.2
INV-2026-5918,BOL202600918,MSC,2026-01-26,700,105.0,350.0,1155.0
INV-2026-5919,BOL202600919,CMA CGM,2026-04-24,2607,312.84,0.0,2919.84
INV-2026-5920,BOL202600920,CMA CGM,2026-04-28,2035,244.2,250.0,2529.2
INV-2026-5921,BOL202600921,COSCO,2026-02-19,2133,213.3,0.0,2346.3
INV-2026-5922,BOL202600922,COSCO,2026-03-24,1478,221.7,50.0,1749.7
INV-2026-5923,BOL202600923,Hapag-Lloyd,2026-01-31,2064,309.6,0.0,2373.6
INV-2026-5924,BOL202600924,CMA CGM,2026-03-30,2723,408.45,200.0,3331.45
INV-2026-5925,BOL202600925,ONE,2026-03-19,2984,298.4,0.0,3282.4
INV-2026-5926,BOL202600926,ONE,2026-04-28,3046,304.6,250.0,3600.6
INV-2026-5927,BOL202600927,Hapag-Lloyd,2026-04-25,821,98.52,0.0,919.52
INV-2026-5928,BOL202600928,ONE,2026-07-02,429,42.9,0.0,471.9
INV-2026-5929,BOL202600929,CMA CGM,2026-04-02,966,144.9,50.0,1160.9
INV-2026-5930,BOL202600930,ONE,2026-01-14,847,84.7,350.0,1281.7
INV-2026-5931,BOL202600931,CMA CGM,2026-04-08,2020,303.0,150.0,2473.0
INV-2026-5932,BOL202600932,ONE,2026-04-25,676,67.6,0.0,743.6
INV-2026-5933,BOL202600933,Evergreen,2026-06-19,634,63.4,150.0,847.4
INV-2026-5934,BOL202600934,Maersk,2026-01-17,1353,135.3,0.0,1488.3
INV-2026-5935,BOL202600935,CMA CGM,2026-06-24,2723,408.45,200.0,3331.45
INV-2026-5936,BOL202600936,Evergreen,2026-04-17,2733,409.95,0.0,3142.95
INV-2026-5937,BOL202600937,Maersk,2026-05-14,2131,255.72,300.0,2686.72
INV-2026-5938,BOL202600938,Maersk,2026-06-30,971,145.65,0.0,1116.65
INV-2026-5939,BOL202600939,COSCO,2026-01-12,3186,477.9,0.0,3663.9
INV-2026-5940,BOL202600940,MSC,2026-06-11,2666,266.6,200.0,3132.6
INV-2026-5941,BOL202600941,COSCO,2026-04-25,2390,239.0,0.0,2629.0
INV-2026-5942,BOL202600942,Maersk,2026-02-05,1353,135.3,0.0,1488.3
INV-2026-5943,BOL202600943,ONE,2026-03-08,1179,117.9,400.0,1696.9
INV-2026-5944,BOL202600944,ONE,2026-06-20,974,116.88,50.0,1140.88
INV-2026-5945,BOL202600945,MSC,2026-04-07,2997,359.64,0.0,3356.64
INV-2026-5946,BOL202600946,ONE,2026-05-30,2738,410.7,0.0,3148.7
INV-2026-5947,BOL202600947,ONE,2026-06-11,1320,132.0,0.0,1452.0
INV-2026-5948,BOL202600948,CMA CGM,2026-06-25,1894,189.4,50.0,2133.4
INV-2026-5949,BOL202600949,CMA CGM,2026-04-08,1954,234.48,0.0,2188.48
INV-2026-5950,BOL202600950,Maersk,2026-04-27,1036,103.6,300.0,1439.6
INV-2026-5951,BOL202600951,Hapag-Lloyd,2026-01-27,3103,310.3,150.0,3563.3
INV-2026-5952,BOL202600952,Hapag-Lloyd,2026-02-08,2327,232.7,200.0,2759.7
INV-2026-5953,BOL202600953,Maersk,2026-04-09,2131,255.72,0.0,2386.72
INV-2026-5954,BOL202600954,COSCO,2026-03-29,1529,214.35,300.0,2043.35
INV-2026-5955,BOL202600955,ONE,2026-03-20,2249,224.9,0.0,2473.9
INV-2026-5956,BOL202600956,Maersk,2026-02-01,3019,301.9,0.0,3320.9
INV-2026-5957,BOL202600957,ONE,2026-02-23,2049,307.35,50.0,2406.35
INV-2026-5958,BOL202600958,MSC,2026-05-17,1695,203.4,100.0,1998.4
INV-2026-5959,BOL202600959,COSCO,2026-05-31,1602,192.24,0.0,1794.24
INV-2026-5960,BOL202600960,Evergreen,2026-03-14,1363,163.56,400.0,1926.56
INV-2026-5961,BOL202600961,ONE,2026-03-12,1179,176.85,250.0,1605.85
INV-2026-5962,BOL202600962,ONE,2026-04-28,690,103.5,0.0,793.5
INV-2026-5963,BOL202600963,ONE,2026-06-13,2738,410.7,0.0,3148.7
INV-2026-5964,BOL202600964,COSCO,2026-07-03,660,79.2,400.0,1139.2
INV-2026-5965,BOL202600965,COSCO,2026-05-08,1530,138.0,0.0,1668.0
INV-2026-5966,BOL202600966,Hapag-Lloyd,2026-02-07,3103,310.3,0.0,3413.3
INV-2026-5967,BOL202600967,COSCO,2026-01-25,2840,340.8,0.0,3180.8
INV-2026-5968,BOL202600968,COSCO,2026-02-21,2840,340.8,250.0,3430.8
INV-2026-5969,BOL202600969,Evergreen,2026-04-26,2393,239.3,0.0,2632.3
INV-2026-5970,BOL202600970,COSCO,2026-06-28,1931,193.1,200.0,2324.1
INV-2026-5971,BOL202600971,Evergreen,2026-03-27,2835,283.5,50.0,3168.5
INV-2026-5972,BOL202600972,CMA CGM,2026-04-06,1496,149.6,350.0,1995.6
INV-2026-5973,BOL202600973,Hapag-Lloyd,2026-01-24,821,98.52,0.0,919.52
INV-2026-5974,BOL202600974,Maersk,2026-05-22,3171,475.65,0.0,3646.65
INV-2026-5975,BOL202600975,COSCO,2026-03-21,2133,213.3,200.0,2546.3
INV-2026-5976,BOL202600976,Hapag-Lloyd,2026-02-16,3103,310.3,250.0,3663.3
INV-2026-5977,BOL202600977,Evergreen,2026-07-03,1486,178.32,200.0,1864.32
INV-2026-5978,BOL202600978,CMA CGM,2026-02-21,2094,189.4,300.0,2583.4
INV-2026-5979,BOL202600979,Evergreen,2026-04-07,2352,352.8,0.0,2704.8
INV-2026-5980,BOL202600980,COSCO,2026-03-04,1622,243.3,0.0,1865.3
INV-2026-5981,BOL202600981,Maersk,2026-02-28,1333,226.61,400.0,1959.6100000000001
INV-2026-5982,BOL202600982,CMA CGM,2026-02-12,2681,268.1,0.0,2949.1
INV-2026-5983,BOL202600983,Hapag-Lloyd,2026-05-10,571,68.52,0.0,639.52
INV-2026-5984,BOL202600984,Evergreen,2026-04-10,649,97.35,100.0,846.35
INV-2026-5985,BOL202600985,Maersk,2026-06-02,818,81.8,0.0,899.8
INV-2026-5986,BOL202600986,MSC,2026-05-05,778,116.7,300.0,1194.7
INV-2026-5987,BOL202600987,Hapag-Lloyd,2026-05-29,858,85.8,0.0,943.8
INV-2026-5988,BOL202600988,Evergreen,2026-06-10,1952,195.2,400.0,2547.2
INV-2026-5989,BOL202600989,CMA CGM,2026-01-30,966,144.9,0.0,1110.9
INV-2026-5990,BOL202600990,COSCO,2026-03-24,858,102.96,0.0,960.96
INV-2026-5991,BOL202600991,COSCO,2026-05-08,660,79.2,100.0,839.2
INV-2026-5992,BOL202600992,Maersk,2026-04-20,1036,103.6,300.0,1439.6
INV-2026-5993,BOL202600993,Evergreen,2026-04-21,2835,283.5,200.0,3318.5
INV-2026-5994,BOL202600994,Hapag-Lloyd,2026-05-31,1125,135.0,0.0,1260.0
INV-2026-5995,BOL202600995,ONE,2026-02-06,1395,167.4,0.0,1562.4
INV-2026-5996,BOL202600996,Maersk,2026-06-17,1353,135.3,0.0,1488.3
INV-2026-5997,BOL202600997,CMA CGM,2026-05-03,1954,234.48,0.0,2188.48
INV-2026-5998,BOL202600998,Evergreen,2026-06-29,801,80.1,0.0,881.1
INV-2026-5999,BOL202600999,Maersk,2026-04-03,2865,286.5,0.0,3151.5
INV-2026-6000,BOL202601000,MSC,2026-05-28,2671,320.52,50.0,3041.52
INV-2026-5522-DUP,BOL202600522,Maersk,2026-04-10,3019,301.9,0.0,3320.9
INV-2026-5738-DUP,BOL202600738,ONE,2026-06-08,1179,117.9,200.0,1496.9
INV-2026-5741-DUP,BOL202600741,MSC,2026-01-16,2194,329.1,0.0,2523.1
INV-2026-5661-DUP,BOL202600661,COSCO,2026-02-01,1380,138.0,0.0,1518.0
INV-2026-5412-DUP,BOL202600412,COSCO,2026-01-30,2723,272.3,150.0,3145.3
INV-2026-5679-DUP,BOL202600679,Hapag-Lloyd,2026-06-26,1134,170.1,300.0,1604.1
INV-2026-5627-DUP,BOL202600627,Evergreen,2026-06-28,2772,415.8,50.0,3237.8
INV-2026-5514-DUP,BOL202600514,MSC,2026-07-04,1628,195.36,100.0,1923.3600000000001
INV-2026-5860-DUP,BOL202600860,CMA CGM,2026-04-23,1496,149.6,300.0,1945.6
INV-2026-5137-DUP,BOL202600137,Hapag-Lloyd,2026-04-06,1010,151.5,0.0,1161.5
INV-2026-5812-DUP,BOL202600812,Hapag-Lloyd,2026-05-08,2064,309.6,250.0,2623.6
INV-2026-5077-DUP,BOL202600077,Evergreen,2026-05-18,2733,273.3,0.0,3006.3
INV-2026-5637-DUP,BOL202600637,COSCO,2026-02-14,3192,478.8,150.0,3820.8
INV-2026-5974-DUP,BOL202600974,Maersk,2026-05-23,3171,475.65,0.0,3646.65
INV-2026-5939-DUP,BOL202600939,COSCO,2026-01-13,3186,477.9,0.0,3663.9
INV-2026-5900-DUP,BOL202600900,Maersk,2026-01-17,1353,135.3,0.0,1488.3
INV-2026-5281-DUP,BOL202600281,Hapag-Lloyd,2026-06-14,2086,312.9,0.0,2398.9
INV-2026-5884-DUP,BOL202600884,MSC,2026-03-10,2401,288.12,350.0,3039.12
INV-2026-5762-DUP,BOL202600762,Evergreen,2026-04-02,1363,163.56,0.0,1526.56
INV-2026-5320-DUP,BOL202600320,Maersk,2026-02-04,684,68.4,200.0,952.4
